,Natera.Patient.ID,Primary.Institute.Patient.ID,Hugo.Gene,Mutation,X..Tissue.VAF,X..Plasma.TP1.VAF,Confidence.TP1.variant,X..Plasma.TP2.VAF,Confidence.TP2.variant,Existing.DB.ID..dBSNP.or.COSMIC.,Functional_Annot.SIFT,Functional_Annot.PolyPhen,In.Stanford.HRD.Gene.List,Notes,logdiff
2024,CI003,TBB-B-003,MLLT6,chr17_36878195_C_T,ND,0.009,-,0.0325,HIGH,NA,deleterious(0.04),unknown(0),NA,,0.557640852
2074,CI003,TBB-B-003,GPR64,chrX_19021225_G_A,ND,0.009,-,0.0815,HIGH,NA,deleterious(0),probably_damaging(1),NA,,0.956915099
2101,CI003,TBB-B-003,ECE2,chr3_183995126_G_C,15.12%,0.009,-,0.0655,HIGH,NA,deleterious(0),probably_damaging(1),NA,,0.861998791
2109,CI003,TBB-B-003,SLC8B1,chr12_113758491_C_A,ND,0.009,-,0.0823,HIGH,NA,deleterious(0),probably_damaging(1),NA,,0.961157326
2040,CI003,TBB-B-003,TDP1,chr14_90455373_G_T,ND,0.0239,LOW,0.0896,HIGH,NA,deleterious(0),probably_damaging(0.999),NA,,0.573910109
2059,CI003,TBB-B-003,MYH11,chr16_15818064_C_T,ND,0.009,-,0.0364,HIGH,NA,NONE,probably_damaging(0.999),NA,,0.606858874
2034,CI003,TBB-B-003,GFER,chr16_2034272_T_A,21.05%,0.009,-,0.0504,HIGH,NA,deleterious_low_confidence(0),probably_damaging(0.998),NA,,0.748188027
1945,CI003,TBB-B-003,MAGI2,chr7_77885784_C_T,18.42%,0.009,-,0.0634,HIGH,"rs370977895,COSM196662",deleterious(0),probably_damaging(0.998),NA,,0.847846748
2108,CI003,TBB-B-003,DKK1,chr10_54076460_G_C,15.27%,0.009,-,0.0958,HIGH,"rs11001564,COSM1348190",deleterious(0),probably_damaging(0.998),NA,,1.027123
2139,CI003,TBB-B-003,ZNF624,chr17_16525927_C_G,39.24%,0.009,-,0.0984,HIGH,NA,deleterious(0),probably_damaging(0.998),NA,,1.038752589
2054,CI003,TBB-B-003,EMR3,chr19_14752277_A_G,24.17%,0.009,-,0.0799,HIGH,NA,deleterious(0),probably_damaging(0.996),NA,,0.94830427
2068,CI003,TBB-B-003,PRKACB,chr1_84668463_T_A,ND,0.009,-,0.0599,HIGH,NA,deleterious(0),probably_damaging(0.992),NA,,0.823184313
2043,CI003,TBB-B-003,CADPS2,chr7_122526076_C_A,10.83%,0.009,-,0.0621,HIGH,NA,deleterious(0),probably_damaging(0.989),NA,,0.838849091
1986,CI003,TBB-B-003,RLN3,chr19_14139174_G_C,21.78%,0.009,-,0.0831,HIGH,NA,deleterious(0),probably_damaging(0.979),NA,,0.965358514
2042,CI003,TBB-B-003,FGFR4,chr5_176519668_G_C,21.87%,0.009,-,0.0692,HIGH,NA,deleterious(0.02),probably_damaging(0.978),NA,,0.885863585
2102,CI003,TBB-B-003,PPARG,chr3_12475399_C_A,ND,0.009,-,0.1264,HIGH,NA,deleterious(0),probably_damaging(0.977),NA,,1.147504565
2145,CI003,TBB-B-003,HERC1,chr15_64041591_C_A,20.00%,0.009,-,0.0539,HIGH,NA,NONE,probably_damaging(0.973),NA,,0.777346256
2048,CI003,TBB-B-003,TRPM5,chr11_2436216_C_T,19.38%,0.009,LOW,0.0652,HIGH,NA,tolerated(0.14),probably_damaging(0.957),NA,,0.860005086
1990,CI003,TBB-B-003,VAV1,chr19_6828676_C_G,23.46%,0.009,-,0.0556,HIGH,NA,deleterious(0),probably_damaging(0.956),NA,,0.790832282
2169,CI003,TBB-B-003,ZNF625,chr19_12256333_C_G,26.46%,0.009,-,0.0629,HIGH,NA,deleterious(0.01),probably_damaging(0.942),NA,,0.844408136
1988,CI003,TBB-B-003,CEACAM5,chr19_42219069_C_G,ND,0.009,-,0.0315,HIGH,NA,tolerated(0.18),possibly_damaging(0.901),NA,,0.544068044
2099,CI003,TBB-B-003,NME7,chr1_169267847_C_G,36.32%,0.0382,HIGH,0.1337,HIGH,NA,deleterious(0),possibly_damaging(0.847),NA,,0.544068044
2007,CI003,TBB-B-003,UNC93A,chr6_167717424_G_T,18.58%,0.0227,LOW,0.0755,HIGH,NA,deleterious(0),possibly_damaging(0.835),NA,,0.521921094
2162,CI003,TBB-B-003,C6orf136,chr6_30620682_C_T,21.50%,0.0198,LOW,0.1031,HIGH,NA,deleterious_low_confidence(0.01),possibly_damaging(0.807),NA,,0.716593475
2036,CI003,TBB-B-003,CTNNA2,chr2_80773086_G_C,ND,0.009,-,0.0563,HIGH,"COSM4527048,COSM4527049",deleterious(0),possibly_damaging(0.789),NA,,0.796265885
2025,CI003,TBB-B-003,CCNB3,chrX_50052548_C_T,ND,0.009,-,0.064,HIGH,NA,deleterious(0.04),possibly_damaging(0.762),NA,,0.851937465
2156,CI003,TBB-B-003,PRKDC,chr8_48800265_G_A,18.74%,0.009,-,0.0766,HIGH,NA,NONE,possibly_damaging(0.712),NA,,0.92998626
2063,CI003,TBB-B-003,MYBL2,chr20_42333880_C_G,ND,0.009,-,0.0455,HIGH,NA,deleterious(0.01),possibly_damaging(0.644),NA,,0.703768887
2147,CI003,TBB-B-003,TADA2A,chr17_35831203_C_G,18.43%,0.009,-,0.0752,HIGH,NA,deleterious(0.01),possibly_damaging(0.524),NA,,0.921975331
1971,CI003,TBB-B-003,NOS1,chr12_117696924_C_G,ND,0.009,-,0.0594,HIGH,COSM3870844,deleterious(0),possibly_damaging(0.507),NA,,0.819543936
2166,CI003,TBB-B-003,YTHDF3,chr8_64100026_A_G,17.97%,0.009,-,0.0664,HIGH,NA,tolerated(0.34),possibly_damaging(0.486),NA,,0.86792557
2116,CI003,TBB-B-003,MDM4,chr1_204518433_A_T,17.27%,0.009,-,0.0458,HIGH,NA,deleterious(0),possibly_damaging(0.453),NA,,0.706622969
2142,CI003,TBB-B-003,CACUL1,chr10_120446122_C_T,ND,0.009,-,0.0494,HIGH,NA,deleterious(0.01),benign(0.395),NA,,0.739484439
2137,CI003,TBB-B-003,SETBP1,chr18_42643371_C_A,ND,0.009,-,0.0577,HIGH,NA,deleterious(0.02),benign(0.344),NA,,0.806933304
2033,CI003,TBB-B-003,SIAH1,chr16_48396287_G_C,ND,0.009,-,0.0447,HIGH,NA,deleterious(0.01),benign(0.325),NA,,0.696065014
2055,CI003,TBB-B-003,ZNF169,chr9_97062149_C_G,ND,0.009,-,0.0515,HIGH,NA,deleterious(0.05),benign(0.317),NA,,0.75756472
2125,CI003,TBB-B-003,DPCR1,chr6_30919311_G_A,ND,0.009,-,0.0533,HIGH,NA,deleterious(0.01),benign(0.315),NA,,0.7724847
2091,CI003,TBB-B-003,HIST1H4F,chr6_26240868_C_G,25.87%,0.009,-,0.1828,HIGH,NA,deleterious(0.03),benign(0.261),NA,,1.307733682
1937,CI003,TBB-B-003,TCTN2,chr12_124180996_T_A,14.89%,0.009,-,0.0365,HIGH,NA,deleterious(0.05),benign(0.146),NA,,0.608050355
1993,CI003,TBB-B-003,NBEAL1,chr2_204058557_C_G,ND,0.009,-,0.1272,HIGH,NA,deleterious(0.05),benign(0.146),NA,,1.150244602
1995,CI003,TBB-B-003,IRGM,chr5_150227723_G_A,20.89%,0.009,-,0.0948,HIGH,NA,deleterious(0),benign(0.129),NA,,1.022565828
2135,CI003,TBB-B-003,VGLL4,chr3_11684950_C_A,23.29%,0.009,-,0.0523,HIGH,NA,deleterious(0.01),benign(0.072),NA,,0.764259179
2085,CI003,TBB-B-003,CLSTN2,chr3_140281703_C_T,35.80%,0.009,-,0.164,HIGH,"rs778445142,COSM1616989,COSM5034899",deleterious(0.03),benign(0.06),NA,,1.260601339
1981,CI003,TBB-B-003,ANKAR,chr2_190541608_C_T,20.67%,0.009,-,0.0982,HIGH,NA,deleterious(0.02),benign(0.048),NA,,1.037868978
2292,CI006,TBB-B-006,ALPP,chr2_233245552_G_C,NA,0.0253,LOW,0.118,HIGH,NA,deleterious(0.03),probably_damaging(1),NA,Tissue WES was not performed as tissue sample unavailable,0.668761486
2263,CI006,TBB-B-006,NEO1,chr15_73542027_C_A,NA,0.009,-,0.0846,HIGH,NA,deleterious(0),probably_damaging(1),NA,Tissue WES was not performed as tissue sample unavailable,0.973127854
2354,CI006,TBB-B-006,GNL1,chr6_30515292_C_A,NA,0.0148,LOW,0.1516,HIGH,NA,deleterious(0),probably_damaging(1),NA,Tissue WES was not performed as tissue sample unavailable,1.010437486
2361,CI006,TBB-B-006,ZNF154,chr19_58216293_G_A,NA,0.0117,LOW,0.143,HIGH,NA,deleterious(0.03),probably_damaging(0.996),NA,Tissue WES was not performed as tissue sample unavailable,1.087150176
2397,CI006,TBB-B-006,HK3,chr5_176314481_G_T,NA,0.009,-,0.0487,HIGH,NA,deleterious(0),probably_damaging(0.99),NA,Tissue WES was not performed as tissue sample unavailable,0.733286452
2338,CI006,TBB-B-006,GRHL3,chr1_24664218_C_A,NA,0.009,-,0.0572,HIGH,NA,deleterious(0),probably_damaging(0.989),NA,Tissue WES was not performed as tissue sample unavailable,0.803153519
2286,CI006,TBB-B-006,GRHL3,chr1_24664206_G_C,NA,0.009,-,0.0602,HIGH,NA,deleterious(0.02),probably_damaging(0.943),NA,Tissue WES was not performed as tissue sample unavailable,0.825353982
2334,CI006,TBB-B-006,PHYHD1,chr9_131704025_C_G,NA,0.009,-,0.087,HIGH,NA,deleterious_low_confidence(0),possibly_damaging(0.904),NA,Tissue WES was not performed as tissue sample unavailable,0.985276743
2371,CI006,TBB-B-006,BAI1,chr8_143546320_A_T,NA,0.0561,HIGH,0.2212,HIGH,NA,deleterious(0.02),possibly_damaging(0.804),NA,Tissue WES was not performed as tissue sample unavailable,0.595822261
2316,CI006,TBB-B-006,SNX13,chr7_17838362_C_A,NA,0.009,-,0.0879,LOW,NA,deleterious(0),possibly_damaging(0.712),NA,Tissue WES was not performed as tissue sample unavailable,0.989746366
2307,CI006,TBB-B-006,PTX3,chr3_157160490_G_C,NA,0.009,-,0.0309,HIGH,COSM1291636,deleterious(0.02),possibly_damaging(0.648),NA,Tissue WES was not performed as tissue sample unavailable,0.53571597
2398,CI006,TBB-B-006,ZXDA,chrX_57936134_G_C,NA,0.009,-,0.0321,HIGH,NA,tolerated(0.16),possibly_damaging(0.516),NA,Tissue WES was not performed as tissue sample unavailable,0.552262523
2351,CI006,TBB-B-006,DNAI2,chr17_72306250_T_C,NA,0.0252,HIGH,0.1991,HIGH,NA,deleterious(0.01),benign(0.027),NA,Tissue WES was not performed as tissue sample unavailable,0.897670719
2471,CI007,TBB-B-007,12-Sep,chr16_4836099_G_T,14.18%,0.009,-,0.0709,HIGH,NA,deleterious(0),probably_damaging(1),NA,,0.896403726
2506,CI007,TBB-B-007,SLCO5A1,chr8_70744287_C_T,15.60%,0.009,-,0.034,HIGH,COSM1288073,deleterious(0),probably_damaging(1),NA,,0.577236408
2641,CI007,TBB-B-007,ATP1A4,chr1_160147435_A_G,42.23%,0.009,-,0.0646,HIGH,NA,deleterious(0),probably_damaging(1),NA,,0.855990009
2651,CI007,TBB-B-007,NPLOC4,chr17_79596825_G_T,10.84%,0.009,-,0.0357,HIGH,"COSM4861296,COSM708650",deleterious(0),probably_damaging(1),NA,,0.598425707
2671,CI007,TBB-B-007,LPPR4,chr1_99771524_T_C,35.87%,0.009,-,0.1382,HIGH,NA,deleterious(0),probably_damaging(0.999),NA,,1.186265534
2717,CI007,TBB-B-007,TTC17,chr11_43418941_A_G,38.20%,0.009,-,0.0534,HIGH,NA,deleterious(0),probably_damaging(0.999),NA,,0.773298748
2650,CI007,TBB-B-007,OBSCN,chr1_228474500_C_G,ND,0.009,-,0.084,HIGH,NA,NONE,probably_damaging(0.999),NA,,0.970036777
2682,CI007,TBB-B-007,PDLIM5,chr4_95376500_G_A,23.40%,0.009,-,0.0416,HIGH,"rs767631926,COSM2988910,COSM2988911,COSM2988912,COSM4343631",deleterious(0.01),probably_damaging(0.998),NA,,0.664850821
2596,CI007,TBB-B-007,ESR1,chr6_152419923_A_C,34.76%,0.009,-,0.0622,HIGH,"COSM1074637,COSM1074639",deleterious(0),probably_damaging(0.996),NA,,0.839547875
2482,CI007,TBB-B-007,PRDM16,chr1_3335265_C_T,71.30%,0.009,-,0.109,HIGH,NA,deleterious(0),probably_damaging(0.995),NA,,1.083183989
2592,CI007,TBB-B-007,CNOT3,chr19_54646887_G_A,23.60%,0.009,-,0.1055,HIGH,COSM96799,deleterious(0),probably_damaging(0.994),NA,,1.06900995
2456,CI007,TBB-B-007,KREMEN2,chr16_3016647_C_T,66.87%,0.009,-,0.1829,HIGH,COSM4060090,deleterious(0),probably_damaging(0.993),NA,,1.307971196
2588,CI007,TBB-B-007,NPLOC4,chr17_79575796_G_C,11.81%,0.009,-,0.05,HIGH,NA,deleterious(0),probably_damaging(0.992),NA,,0.744727495
2477,CI007,TBB-B-007,AOC3,chr17_41006704_C_T,18.93%,0.009,-,0.0833,HIGH,COSM4955660,tolerated(0.33),probably_damaging(0.986),NA,,0.966402492
2562,CI007,TBB-B-007,GC,chr4_72623874_A_G,26.18%,0.009,-,0.0405,HIGH,NA,deleterious(0),probably_damaging(0.984),NA,,0.653212514
2566,CI007,TBB-B-007,PALLD,chr4_169837051_G_A,22.38%,0.009,-,0.0504,HIGH,NA,deleterious(0),probably_damaging(0.984),NA,,0.748188027
2597,CI007,TBB-B-007,NRXN1,chr2_50758388_C_T,20.81%,0.009,-,0.0809,HIGH,NA,deleterious(0),probably_damaging(0.983),NA,,0.953706012
2473,CI007,TBB-B-007,MECP2,chrX_153296662_C_T,35.92%,0.009,-,0.1046,HIGH,NA,deleterious(0),probably_damaging(0.979),NA,,1.065289175
2673,CI007,TBB-B-007,NEB,chr2_152410351_C_G,22.75%,0.009,-,0.0697,HIGH,NA,NONE,probably_damaging(0.975),NA,,0.888990269
2487,CI007,TBB-B-007,FAT1,chr4_187539024_C_A,24.78%,0.009,-,0.045,HIGH,NA,NONE,probably_damaging(0.973),NA,,0.698970004
2654,CI007,TBB-B-007,KRI1,chr19_10676666_G_A,35.56%,0.009,-,0.125,HIGH,NA,deleterious_low_confidence(0),probably_damaging(0.972),NA,,1.142667504
2563,CI007,TBB-B-007,TOM1L2,chr17_17801960_T_C,33.16%,0.009,-,0.0478,HIGH,NA,deleterious(0),probably_damaging(0.97),NA,,0.725185387
2429,CI007,TBB-B-007,SLC12A2,chr5_127420142_G_T,45.16%,0.009,-,0.0894,HIGH,NA,deleterious(0.01),probably_damaging(0.958),NA,,0.997095009
2551,CI007,TBB-B-007,ASPH,chr8_62416017_C_G,15.94%,0.009,-,0.0627,HIGH,"rs758835671,COSM1100939",deleterious(0),probably_damaging(0.954),NA,,0.843025031
2518,CI007,TBB-B-007,CACNA1E,chr1_181701926_G_A,43.73%,0.009,-,0.143,HIGH,"COSM4403098,COSM4403099,COSM4403100,COSM4403101",tolerated(0.08),probably_damaging(0.953),NA,,1.201093528
2502,CI007,TBB-B-007,CAMKK2,chr12_121687639_C_G,ND,0.009,-,0.0329,HIGH,"rs201318802,COSM5795669,COSM5795670,COSM5795671",deleterious(0),probably_damaging(0.947),NA,,0.562953389
2632,CI007,TBB-B-007,CCT8L2,chr22_17072224_G_A,ND,0.009,-,0.0611,HIGH,NA,deleterious(0.01),probably_damaging(0.94),NA,,0.831798701
2617,CI007,TBB-B-007,NID2,chr14_52472517_T_C,13.62%,0.009,-,0.0301,HIGH,NA,deleterious(0),probably_damaging(0.928),NA,,0.524323986
2652,CI007,TBB-B-007,ZNF106,chr15_42731352_A_G,20.68%,0.009,-,0.0573,HIGH,NA,tolerated(0.06),probably_damaging(0.914),NA,,0.803912113
2555,CI007,TBB-B-007,GRINA,chr8_145066896_A_G,16.14%,0.009,-,0.1001,HIGH,NA,tolerated(0.07),possibly_damaging(0.908),NA,,1.046191568
2419,CI007,TBB-B-007,RYR1,chr19_38945884_T_C,21.36%,0.009,-,0.0852,HIGH,NA,NONE,possibly_damaging(0.898),NA,,0.976197085
2459,CI007,TBB-B-007,FERMT1,chr20_6060121_T_G,33.06%,0.009,-,0.0304,LOW,NA,deleterious(0.02),possibly_damaging(0.897),NA,,0.528631074
2479,CI007,TBB-B-007,XPC,chr3_14209826_G_C,21.86%,0.009,-,0.0459,HIGH,NA,tolerated(0.09),possibly_damaging(0.894),NA,,0.707570176
2670,CI007,TBB-B-007,OR4C3,chr11_48346794_C_A,33.13%,0.009,-,0.0584,HIGH,NA,deleterious(0.01),possibly_damaging(0.865),NA,,0.812170338
2578,CI007,TBB-B-007,IFNGR1,chr6_137519401_C_G,ND,0.009,-,0.1419,HIGH,COSM3715321,tolerated_low_confidence(0.19),possibly_damaging(0.861),NA,,1.197739886
2408,CI007,TBB-B-007,AKAP13,chr15_86123391_C_A,23.91%,0.009,-,0.0454,HIGH,NA,tolerated_low_confidence(0.13),possibly_damaging(0.856),NA,,0.702813343
2468,CI007,TBB-B-007,CCDC64,chr12_120436496_G_A,21.00%,0.009,-,0.0355,HIGH,NA,deleterious(0),possibly_damaging(0.841),NA,,0.595985844
2662,CI007,TBB-B-007,NDUFV2,chr18_9122611_T_C,ND,0.009,-,0.0304,HIGH,NA,tolerated(0.09),possibly_damaging(0.734),NA,,0.528631074
2525,CI007,TBB-B-007,ASNSD1,chr2_190531424_C_A,27.45%,0.009,-,0.0805,HIGH,NA,deleterious(0.01),possibly_damaging(0.707),NA,,0.951553371
2665,CI007,TBB-B-007,HAX1,chr1_154247942_A_T,22.68%,0.009,-,0.053,HIGH,NA,deleterious(0.03),possibly_damaging(0.697),NA,,0.77003336
2509,CI007,TBB-B-007,CNP,chr17_40125643_C_G,21.68%,0.009,-,0.054,HIGH,NA,tolerated(0.08),possibly_damaging(0.681),NA,,0.77815125
2437,CI007,TBB-B-007,PASD1,chrX_150840841_A_C,36.69%,0.009,-,0.093,HIGH,NA,tolerated_low_confidence(0.16),possibly_damaging(0.607),NA,,1.014240439
2463,CI007,TBB-B-007,GOLGA8S,chr15_23609869_A_C,ND,0.009,-,0.1569,HIGH,NA,tolerated(0.07),possibly_damaging(0.462),NA,,1.241380434
2572,CI007,TBB-B-007,RTN4,chr2_55252464_A_C,23.00%,0.009,-,0.0395,HIGH,NA,deleterious(0),benign(0.418),NA,,0.642354586
2411,CI007,TBB-B-007,ZNF394,chr7_99097714_C_A,24.39%,0.009,-,0.1839,HIGH,COSM3394984,deleterious_low_confidence(0),benign(0.403),NA,,1.31033922
2557,CI007,TBB-B-007,GPM6B,chrX_13798105_C_A,62.86%,0.009,-,0.054,HIGH,NA,deleterious(0),benign(0.342),NA,,0.77815125
2493,CI007,TBB-B-007,EIF6,chr20_33867869_G_A,19.72%,0.009,-,0.0451,HIGH,NA,deleterious(0.03),benign(0.33),NA,,0.699934032
2440,CI007,TBB-B-007,AHDC1,chr1_27876543_A_T,34.91%,0.009,-,0.1074,HIGH,NA,deleterious(0.01),benign(0.294),NA,,1.076761772
2694,CI007,TBB-B-007,ABL2,chr1_179086564_G_C,56.59%,0.009,-,0.1833,HIGH,NA,deleterious(0.05),benign(0.239),NA,,1.308919956
2436,CI007,TBB-B-007,CNGB3,chr8_87683198_G_A,14.45%,0.009,-,0.0352,HIGH,NA,deleterious(0),benign(0.159),NA,,0.592300154
2579,CI007,TBB-B-007,HNRNPH1,chr5_179045019_T_C,17.32%,0.009,-,0.1096,LOW,NA,deleterious(0.04),benign(0.043),NA,,1.085568045
2698,CI007,TBB-B-007,PCDHB7,chr5_140552865_C_T,17.23%,0.009,-,0.0387,HIGH,NA,deleterious_low_confidence(0),benign(0.013),NA,,0.633468456
2659,CI007,TBB-B-007,KRT79,chr12_53215714_G_A,16.13%,0.009,-,0.0515,HIGH,NA,deleterious_low_confidence(0.05),benign(0.01),NA,,0.75756472
3747,CI016,TBB-B-016,ATG9B,chr7_150715523_G_A,27.84%,0.009,-,0.0855,HIGH,NA,deleterious(0),probably_damaging(1),NA,,0.977723605
3833,CI016,TBB-B-016,CDH19,chr18_64235820_T_A,10.73%,0.009,-,0.0847,HIGH,NA,deleterious(0),probably_damaging(0.999),NA,,0.973640901
4088,CI016,TBB-B-016,ATP2B1,chr12_90018018_A_T,ND,0.009,-,0.0338,HIGH,NA,deleterious(0),probably_damaging(0.999),NA,,0.574674191
3835,CI016,TBB-B-016,TRIM3,chr11_6479461_G_C,ND,0.009,-,0.0302,HIGH,NA,deleterious(0.01),probably_damaging(0.998),NA,,0.525764434
3752,CI016,TBB-B-016,CACNA1B,chr9_140938301_C_A,ND,0.009,-,0.0384,HIGH,COSM3926522,deleterious(0),probably_damaging(0.989),NA,,0.630088715
4121,CI016,TBB-B-016,MMP28,chr17_34105891_C_T,ND,0.009,-,0.0346,HIGH,NA,deleterious(0),probably_damaging(0.989),NA,,0.584833589
3807,CI016,TBB-B-016,PTPN5,chr11_18755104_C_T,ND,0.009,-,0.0321,HIGH,NA,deleterious(0.01),probably_damaging(0.962),NA,,0.552262523
3855,CI016,TBB-B-016,DIAPH2,chrX_96684744_G_A,ND,0.009,-,0.0383,HIGH,NA,tolerated(0.35),probably_damaging(0.937),NA,,0.628956265
3992,CI016,TBB-B-016,TECTA,chr11_121028661_C_T,ND,0.009,-,0.0389,HIGH,NA,deleterious(0),probably_damaging(0.912),NA,,0.635707092
3884,CI016,TBB-B-016,CANT1,chr17_76989645_A_G,ND,0.009,-,0.0403,HIGH,NA,deleterious(0),probably_damaging(0.909),NA,,0.651062537
4015,CI016,TBB-B-016,APOB,chr2_21239416_A_T,ND,0.009,-,0.0352,HIGH,NA,NONE,possibly_damaging(0.832),NA,,0.592300154
3976,CI016,TBB-B-016,TBL1X,chrX_9659645_G_C,ND,0.009,-,0.0345,HIGH,NA,deleterious(0.01),possibly_damaging(0.687),NA,,0.583576586
3858,CI016,TBB-B-016,INTU,chr4_128627738_A_G,ND,0.009,-,0.0295,HIGH,NA,deleterious(0),benign(0.389),NA,,0.515579507
4787,CI018,TBB-B-019,PTPRQ,chr12_80936534_G_C,ND,0.009,-,0.0432,LOW,NA,deleterious(0),probably_damaging(1),NA,,0.681241237
4554,CI018,TBB-B-019,CORIN,chr4_47667273_A_C,22.45%,0.009,-,0.0909,HIGH,NA,deleterious(0),probably_damaging(0.999),NA,,1.004321374
4441,CI018,TBB-B-019,ASAP1,chr8_131127894_C_A,7.89%,0.009,-,0.0289,HIGH,NA,deleterious(0),probably_damaging(0.997),NA,,0.506655333
4452,CI018,TBB-B-019,PRKAR1B,chr7_618944_C_G,8.76%,0.009,-,0.0731,HIGH,NA,tolerated(0.17),probably_damaging(0.937),NA,,0.909674868
4541,CI018,TBB-B-019,COG7,chr16_23464207_C_T,18.83%,0.009,-,0.0581,HIGH,NA,tolerated(0.1),probably_damaging(0.924),NA,,0.809933623
4540,CI018,TBB-B-019,KRT18,chr12_53343007_G_A,ND,0.009,-,0.033,HIGH,"rs79476176,COSM1128550",deleterious(0.02),possibly_damaging(0.842),NA,,0.56427143
4475,CI018,TBB-B-019,ITGA9,chr3_37778440_G_C,20.78%,0.009,-,0.0412,HIGH,NA,tolerated(0.11),possibly_damaging(0.744),NA,,0.660654707
4731,CI018,TBB-B-019,TMEM151B,chr6_44243762_C_T,19.86%,0.009,-,0.0369,HIGH,NA,deleterious(0.02),possibly_damaging(0.669),NA,,0.612783857
4424,CI018,TBB-B-019,PALD1,chr10_72291175_C_T,19.17%,0.009,-,0.111,HIGH,NA,deleterious(0.01),possibly_damaging(0.663),NA,,1.091080469
4763,CI018,TBB-B-019,INTS5,chr11_62416125_G_A,20.20%,0.009,-,0.0622,HIGH,"rs371125173,COSM1355424",tolerated(0.16),possibly_damaging(0.511),NA,,0.839547875
4533,CI018,TBB-B-019,PRKAA1,chr5_40762960_C_G,11.28%,0.009,-,0.0331,HIGH,NA,tolerated_low_confidence(0.16),possibly_damaging(0.482),NA,,0.565585484
4749,CI018,TBB-B-019,SLC7A13,chr8_87229998_C_T,27.78%,0.009,-,0.0563,HIGH,NA,deleterious(0.04),benign(0.155),NA,,0.796265885
4522,CI018,TBB-B-019,KRT18,chr12_53343059_C_A,ND,0.009,-,0.0331,HIGH,"rs78343594,COSM1666686",deleterious(0.04),benign(0.087),NA,,0.565585484