Stanford ID,Mutation,Gene ID,pWES TP2 VAF,Pan Cancer Driver Gene Annotation,Existing DB ID,Functional_Annot-SIFT,Functional_Annot-PolyPhen,HRD Gene List
TBB-B-001,chr21_40181937_-_T,ETS2,11.49%,NONE,NA,NONE,NONE,NONE
TBB-B-001,chr1_21573711_-_A,ECE1,24.60%,NONE,NA,NONE,NONE,NONE
TBB-B-001,chr12_113369715_A_-,RP1-71H24.1,12.22%,NONE,NA,NONE,NONE,NONE
TBB-B-001,chr1_38511083_GTG_-,POU3F1,5.03%,NONE,NA,NONE,NONE,NONE
TBB-B-001,chr1_53333511_A_-,ZYG11A,7.50%,NONE,NA,NONE,NONE,NONE
TBB-B-001,chr3_41756845_-_A,ULK4,9.21%,NONE,NA,NONE,NONE,NONE
TBB-B-001,chr16_68857309_TC_-,CDH1,32.73%,CDH1,NA,NONE,NONE,NONE
TBB-B-001,chr1_115537600_-_A,SYCP1,12.33%,NONE,NA,NONE,NONE,NONE
TBB-B-001,chr1_37948444_-_C,ZC3H12A,31.18%,ZC3H12A,NA,NONE,NONE,NONE
TBB-B-001,chr11_118220582_A_-,CD3G,7.14%,NONE,"rs199676861,rs570768621,CM983819,CD3Gbase_HSTCR3G3:g.153A>T,COSM1247707,COSM1321888",NONE,NONE,NONE
TBB-B-001,chr6_158359816_-_T,SNX9,5.56%,NONE,NA,NONE,NONE,NONE
TBB-B-001,chr8_118175650_-_T,SLC30A8,5.00%,NONE,NA,NONE,NONE,NONE
TBB-B-001,chr14_19999276_-_AG,POTEM,5.76%,NONE,NA,NONE,NONE,NONE
TBB-B-001,chr17_40823098_GCGTTGCGGCTCCGG_-,PLEKHH3,7.08%,NONE,NA,NONE,NONE,NONE
TBB-B-001,chr3_48689041_CACACAGT_-,CELSR3,9.97%,NONE,NA,NONE,NONE,NONE
TBB-B-001,chr4_4436590_A_-,STX18,7.03%,NONE,NA,NONE,NONE,NONE
TBB-B-002,chr21_42598164_-_T,BACE2,5.67%,NONE,NA,NONE,NONE,NONE
TBB-B-002,chr13_103703785_-_A,SLC10A2,8.99%,NONE,NA,NONE,NONE,NONE
TBB-B-002,chr8_59728272_TCACTGTAGC_-,TOX,5.18%,NONE,NA,NONE,NONE,NONE
TBB-B-002,chr9_131721441_-_T,NUP188,8.24%,NONE,NA,NONE,NONE,NONE
TBB-B-002,chr11_93553747_TC_-,VSTM5,21.27%,NONE,NA,NONE,NONE,NONE
TBB-B-002,chr16_4660492_C_-,UBALD1,15.63%,NONE,NA,NONE,NONE,NONE
TBB-B-002,chr17_59967305_-_T,INTS2,9.76%,NONE,NA,NONE,NONE,NONE
TBB-B-002,chr11_8494831_A_-,STK33,7.06%,NONE,"rs564344154,COSM4774619,COSM4774620",NONE,NONE,NONE
TBB-B-002,chrX_117035914_A_-,KLHL13,13.56%,NONE,"rs749631677,rs754929655,COSM1724087,TMP_ESP_X_117035915_117035915",NONE,NONE,NONE
TBB-B-002,chr14_105916409_A_-,MTA1,21.33%,NONE,NA,NONE,NONE,NONE
TBB-B-002,chr5_147204283_A_-,SPINK1,8.11%,NONE,NA,NONE,NONE,NONE
TBB-B-002,chr3_41861013_-_A,ULK4,5.88%,NONE,NA,NONE,NONE,NONE
TBB-B-002,chr13_77625226_-_A,MYCBP2,9.30%,NONE,NA,NONE,NONE,NONE
TBB-B-002,chr1_101440343_-_T,SLC30A7,9.33%,NONE,NA,NONE,NONE,NONE
TBB-B-002,chr7_151948998_-_A,KMT2C,5.08%,KMT2C,NA,NONE,NONE,NONE
TBB-B-003,chr20_37187110_T_-,RALGAPB,8.74%,NONE,NA,NONE,NONE,NONE
TBB-B-003,chr3_16635985_A_-,DAZL,5.05%,NONE,NA,NONE,NONE,NONE
TBB-B-003,chr7_50132730_GCCGGCGGCCCGGGTCCGCC_-,ZPBP,7.93%,NONE,NA,NONE,NONE,NONE
TBB-B-003,chr14_76211938_T_-,TTLL5,7.07%,NONE,NA,NONE,NONE,NONE
TBB-B-003,chrX_79947490_-_A,BRWD3,6.53%,NONE,NA,NONE,NONE,NONE
TBB-B-003,chr11_8494831_A_-,STK33,7.30%,NONE,"rs564344154,COSM4774619,COSM4774620",NONE,NONE,NONE
TBB-B-003,chr14_21679708_ATC_-,HNRNPC,5.28%,NONE,NA,NONE,NONE,NONE
TBB-B-003,chr11_75694430_-_A,UVRAG,6.49%,NONE,NA,NONE,NONE,NONE
TBB-B-003,chr14_102786144_GGC_-,ZNF839,6.52%,NONE,NA,NONE,NONE,NONE
TBB-B-003,chr2_141707880_G_-,LRP1B,10.69%,NONE,NA,NONE,NONE,NONE
TBB-B-003,chr9_20414277_CTG_-,MLLT3,5.80%,NONE,NA,NONE,NONE,NONE
TBB-B-005,chr8_38959363_-_T,ADAM9,5.45%,NONE,NA,NONE,NONE,NONE
TBB-B-005,chr9_32485288_A_-,DDX58,12.50%,NONE,NA,NONE,NONE,NONE
TBB-B-005,chr4_85715904_A_-,WDFY3,10.39%,NONE,NA,NONE,NONE,NONE
TBB-B-005,chr9_34501122_T_-,DNAI1,5.88%,NONE,NA,NONE,NONE,NONE
TBB-B-005,chr11_104869775_-_T,CASP5,6.06%,NONE,NA,NONE,NONE,NONE
TBB-B-005,chr11_88960972_-_T,TYR,5.09%,NONE,NA,NONE,NONE,NONE
TBB-B-005,chr9_140686492_-_T,EHMT1,12.16%,NONE,NA,NONE,NONE,NONE
TBB-B-005,chr12_104712858_T_-,TXNRD1,8.65%,NONE,NA,NONE,NONE,NONE
TBB-B-005,chr11_2920953_-_A,SLC22A18AS,5.08%,NONE,NA,NONE,NONE,NONE
TBB-B-005,chr16_25172531_-_T,LCMT1,9.82%,NONE,NA,NONE,NONE,NONE
TBB-B-005,chr15_91161097_-_T,CRTC3,6.67%,NONE,NA,NONE,NONE,NONE
TBB-B-005,chr7_16745814_A_-,BZW2,6.38%,NONE,NA,NONE,NONE,NONE
TBB-B-005,chr17_58740368_-_AT,PPM1D,9.38%,PPM1D,NA,NONE,NONE,NONE
TBB-B-005,chr12_112117149_A_-,BRAP,9.03%,NONE,NA,NONE,NONE,NONE
TBB-B-005,chr3_25761137_-_A,NGLY1,6.96%,NONE,NA,NONE,NONE,NONE
TBB-B-006,chr5_1882808_-_CGCTGGGGC,IRX4,16.42%,NONE,NA,NONE,NONE,NONE
TBB-B-006,chr3_148802679_T_-,HLTF,6.45%,NONE,"rs779299960,COSM1642130",NONE,NONE,NONE
TBB-B-006,chr16_20559485_CTGTAGATGGGGGAACTTGTAA_-,ACSM2B,21.64%,NONE,NA,NONE,NONE,NONE
TBB-B-006,chr1_70890113_-_T,CTH,19.35%,NONE,NA,NONE,NONE,NONE
TBB-B-006,chr13_31233231_AGTACCA_-,USPL1,14.06%,NONE,NA,NONE,NONE,NONE
TBB-B-006,chr4_22750448_T_-,GBA3,5.97%,NONE,NA,NONE,NONE,NONE
TBB-B-006,chr11_104897125_-_T,CASP1,12.28%,NONE,NA,NONE,NONE,NONE
TBB-B-006,chr19_6828854_CAAGATCGACGGGGAACT_-,VAV1,16.50%,NONE,NA,NONE,NONE,NONE
TBB-B-006,chr6_165809963_-_A,PDE10A,8.24%,NONE,NA,NONE,NONE,NONE
TBB-B-006,chr7_48045523_-_T,SUN3,5.65%,NONE,NA,NONE,NONE,NONE
TBB-B-006,chr7_138745894_-_A,ZC3HAV1,9.86%,NONE,NA,NONE,NONE,NONE
TBB-B-006,chr9_131721441_T_-,NUP188,9.88%,NONE,NA,NONE,NONE,NONE
TBB-B-006,chr9_4662782_GCTGGAGATCTCGGGACACG_-,PPAPDC2,27.55%,NONE,NA,NONE,NONE,NONE
TBB-B-007,chr6_32157696_G_-,PBX2,12.68%,NONE,NA,NONE,NONE,NONE
TBB-B-007,chr8_68123859_A_-,ARFGEF1,7.64%,NONE,"rs3837216,rs770060400,COSM3731935,TMP_ESP_8_68123860_68123860",NONE,NONE,NONE
TBB-B-007,chr6_119510929_A_-,MAN1A1,6.00%,NONE,NA,NONE,NONE,NONE
TBB-B-007,chr1_155935571_GCAG_-,ARHGEF2,11.94%,NONE,NA,NONE,NONE,NONE
TBB-B-007,chr1_223959862_CT_-,CAPN2,5.28%,NONE,NA,NONE,NONE,NONE
TBB-B-007,chr21_34882121_-_T,GART,7.68%,NONE,NA,NONE,NONE,NONE
TBB-B-007,chr6_152673543_T_-,SYNE1,12.59%,NONE,NA,NONE,NONE,NONE
TBB-B-007,chr10_12708721_-_T,CAMK1D,9.68%,NONE,NA,NONE,NONE,NONE
TBB-B-007,chr11_107326514_-_A,CWF19L2,7.21%,NONE,NA,NONE,NONE,NONE
TBB-B-007,chr6_160524764_T_-,IGF2R,5.79%,NONE,NA,NONE,NONE,NONE
TBB-B-007,chr4_90872904_A_-,MMRN1,5.35%,NONE,"rs201932336,rs775334190,COSM1724137,COSM5829983",NONE,NONE,NONE
TBB-B-007,chr16_48368110_-_T,LONP2,7.10%,NONE,NA,NONE,NONE,NONE
TBB-B-007,chr14_50100820_CAC_-,DNAAF2,8.91%,NONE,NA,NONE,NONE,NONE
TBB-B-007,chr3_137880740_TCG_-,DBR1,7.04%,NONE,"rs376362448,COSM1723934",NONE,NONE,NONE
TBB-B-007,chr13_26959325_T_-,CDK8,7.14%,NONE,NA,NONE,NONE,NONE
TBB-B-007,chr1_158549175_AGAT_-,OR10X1,5.79%,NONE,NA,NONE,NONE,NONE
TBB-B-007,chr5_130857217_A_-,RAPGEF6,8.04%,NONE,NA,NONE,NONE,NONE
TBB-B-007,chr1_237732640_-_T,RYR2,21.65%,NONE,NA,NONE,NONE,NONE
TBB-B-007,chr2_167138320_A_-,SCN9A,5.48%,NONE,"rs755703742,COSM1613629,COSM1613630,COSM5829314,COSM5829315,TMP_ESP_2_167138321_167138321",NONE,NONE,NONE
TBB-B-007,chr2_203846813_GGTACACCTCTCCT_-,CARF,5.39%,NONE,NA,NONE,NONE,NONE
TBB-B-008,chr20_55942168_A_-,RAE1,6.43%,NONE,NA,NONE,NONE,NONE
TBB-B-008,chr22_19137586_GCA_-,GSC2,5.21%,NONE,NA,NONE,NONE,NONE
TBB-B-008,chr21_37787572_T_-,CHAF1B,19.05%,NONE,NA,NONE,NONE,NONE
TBB-B-008,chr16_48368110_-_T,LONP2,8.33%,NONE,NA,NONE,NONE,NONE
TBB-B-008,chr20_37277256_-_T,ARHGAP40,6.86%,NONE,NA,NONE,NONE,NONE
TBB-B-008,chr7_36466668_T_-,ANLN,8.26%,NONE,NA,NONE,NONE,NONE
TBB-B-008,chr8_42927481_T_-,FNTA,10.14%,NONE,NA,NONE,NONE,NONE
TBB-B-008,chr4_39876053_-_T,PDS5A,9.80%,NONE,NA,NONE,NONE,NONE
TBB-B-008,chr7_26779603_-_A,SKAP2,5.32%,NONE,NA,NONE,NONE,NONE
TBB-B-008,chr15_23408880_AGTAGAGAA_-,RP11-467N20.5,6.14%,NONE,NA,NONE,NONE,NONE
TBB-B-008,chr1_53333511_-_A,ZYG11A,6.56%,NONE,NA,NONE,NONE,NONE
TBB-B-008,chr13_114566824_CAG_-,GAS6,6.68%,NONE,NA,NONE,NONE,NONE
TBB-B-008,chr5_140803317_G_-,PCDHGB3,6.06%,NONE,NA,NONE,NONE,NONE
TBB-B-009,chr7_148106465_-_TCTT,CNTNAP2,7.86%,NONE,NA,NONE,NONE,NONE
TBB-B-009,chr20_37277256_-_T,ARHGAP40,9.88%,NONE,NA,NONE,NONE,NONE
TBB-B-009,chr15_64687573_-_T,TRIP4,9.09%,NONE,NA,NONE,NONE,NONE
TBB-B-009,chr13_79918806_-_T,RBM26,7.40%,NONE,NA,NONE,NONE,NONE
TBB-B-009,chr18_10762646_A_-,PIEZO2,5.19%,NONE,NA,NONE,NONE,NONE
TBB-B-009,chr5_131054984_-_A,CTC-432M15.3,5.38%,NONE,NA,NONE,NONE,NONE
TBB-B-009,chr1_103356072_A_-,COL11A1,5.83%,NONE,NA,NONE,NONE,NONE
TBB-B-009,chr12_13364426_-_A,EMP1,7.41%,NONE,NA,NONE,NONE,NONE
TBB-B-009,chr4_3015469_A_-,GRK4,5.22%,NONE,"rs762202589,rs764884675,COSM1429386,TMP_ESP_4_3015470_3015470",NONE,NONE,NONE
TBB-B-009,chr17_43319434_CCG_-,FMNL1,5.07%,NONE,"rs372669041,COSM4989663,COSM5758021",NONE,NONE,NONE
TBB-B-009,chr2_10269544_-_T,RRM2,5.83%,NONE,NA,NONE,NONE,NONE
TBB-B-009,chr3_15480598_T_-,EAF1,6.86%,NONE,NA,NONE,NONE,NONE
TBB-B-011,chr13_45781539_T_-,GTF2F2,10.94%,NONE,NA,NONE,NONE,NONE
TBB-B-011,chr1_113456833_-_T,SLC16A1,7.61%,NONE,NA,NONE,NONE,NONE
TBB-B-011,chr1_89473441_-_T,GBP3,8.73%,NONE,NA,NONE,NONE,NONE
TBB-B-011,chr7_83614801_G_-,SEMA3A,15.66%,NONE,NA,NONE,NONE,NONE
TBB-B-011,chr16_18869474_-_A,SMG1,5.45%,NONE,NA,NONE,NONE,NONE
TBB-B-011,chr7_26779603_-_A,SKAP2,5.14%,NONE,NA,NONE,NONE,NONE
TBB-B-011,chrX_113965679_-_T,HTR2C,9.17%,NONE,NA,NONE,NONE,NONE
TBB-B-011,chr17_59477723_GCG_-,TBX2,5.65%,NONE,NA,NONE,NONE,NONE
TBB-B-011,chr4_22517301_CGC_-,GPR125,13.89%,NONE,NA,NONE,NONE,NONE
TBB-B-011,chr1_159032486_-_T,AIM2,8.18%,NONE,NA,NONE,NONE,NONE
TBB-B-011,chr10_96253108_T_-,TBC1D12,6.73%,NONE,NA,NONE,NONE,NONE
TBB-B-011,chr6_42625963_-_T,UBR2,5.68%,NONE,NA,NONE,NONE,NONE
TBB-B-011,chr5_59901692_-_A,DEPDC1B,12.63%,NONE,NA,NONE,NONE,NONE
TBB-B-011,chr21_43974156_T_-,SLC37A1,5.32%,NONE,NA,NONE,NONE,NONE
TBB-B-012,chr1_223980973_-_A,TP53BP2,10.59%,NONE,NA,NONE,NONE,NONE
TBB-B-012,chr10_116070228_GAGGCTGAGG_-,AFAP1L2,17.78%,NONE,NA,NONE,NONE,NONE
TBB-B-012,chr10_19376958_-_T,Unknown,14.00%,NONE,NA,NONE,NONE,NONE
TBB-B-012,chr6_47445926_TGG_-,CD2AP,7.25%,NONE,NA,NONE,NONE,NONE
TBB-B-012,chr14_63417319_-_A,KCNH5,6.58%,NONE,NA,NONE,NONE,NONE
TBB-B-012,chr8_118175650_-_T,SLC30A8,5.48%,NONE,NA,NONE,NONE,NONE
TBB-B-012,chr1_101440343_-_T,SLC30A7,9.38%,NONE,NA,NONE,NONE,NONE
TBB-B-012,chr13_49030459_CT_-,RB1,51.67%,RB1,NA,NONE,NONE,NONE
TBB-B-012,chr17_64208297_AACTGTGT_-,APOH,16.00%,NONE,NA,NONE,NONE,NONE
TBB-B-012,chr7_35675100_-_A,HERPUD2,6.67%,NONE,NA,NONE,NONE,NONE
TBB-B-013,chr6_155728422_-_A,NOX3,5.68%,NONE,NA,NONE,NONE,NONE
TBB-B-013,chr19_14736293_T_-,EMR3,11.11%,NONE,NA,NONE,NONE,NONE
TBB-B-013,chr9_140686492_-_T,EHMT1,11.11%,NONE,NA,NONE,NONE,NONE
TBB-B-013,chr6_7410735_-_T,RIOK1,14.42%,NONE,NA,NONE,NONE,NONE
TBB-B-013,chr12_120427781_CCG_-,CCDC64,5.82%,NONE,NA,NONE,NONE,NONE
TBB-B-013,chr18_47518829_-_A,MYO5B,5.05%,NONE,NA,NONE,NONE,NONE
TBB-B-014,chr3_60522571_-_A,FHIT,9.33%,NONE,NA,NONE,NONE,NONE
TBB-B-014,chr4_107157699_A_-,TBCK,11.76%,NONE,NA,NONE,NONE,NONE
TBB-B-014,chr21_40181937_T_-,ETS2,14.81%,NONE,NA,NONE,NONE,NONE
TBB-B-014,chr16_47581480_T_-,PHKB,5.95%,NONE,NA,NONE,NONE,NONE
TBB-B-014,chr14_74824893_G_-,VRTN,7.37%,NONE,NA,NONE,NONE,NONE
TBB-B-014,chr16_53319489_ATTATG_-,CHD9,8.29%,NONE,NA,NONE,NONE,NONE
TBB-B-014,chr1_31381313_CAG_-,SDC3,10.77%,NONE,NA,NONE,NONE,NONE
TBB-B-014,chr10_118396276_G_-,PNLIPRP2,6.57%,NONE,NA,NONE,NONE,NONE
TBB-B-014,chrX_79946537_-_A,BRWD3,5.05%,NONE,NA,NONE,NONE,NONE
TBB-B-014,chr9_108268656_T_-,FSD1L,15.09%,NONE,NA,NONE,NONE,NONE
TBB-B-014,chr17_26682948_ATGGTAGTTATCC_-,POLDIP2,7.38%,NONE,NA,NONE,NONE,NONE
TBB-B-015,chr18_56412882_-_T,MALT1,8.91%,NONE,NA,NONE,NONE,NONE
TBB-B-015,chr14_24652303_CCTGGCGTTC_-,IPO4,10.02%,NONE,NA,NONE,NONE,NONE
TBB-B-015,chr3_45588856_TT_-,LARS2,8.09%,NONE,NA,NONE,NONE,NONE
TBB-B-015,chr6_94066811_-_A,EPHA7,5.44%,NONE,NA,NONE,NONE,NONE
TBB-B-015,chr2_209110175_-_A,IDH1,7.42%,IDH1,NA,NONE,NONE,NONE
TBB-B-015,chr10_18807795_T_-,CACNB2,5.49%,NONE,NA,NONE,NONE,NONE
TBB-B-015,chr15_83805209_T_-,TM6SF1,8.40%,NONE,NA,NONE,NONE,NONE
TBB-B-015,chr4_148886159_-_T,ARHGAP10,6.67%,NONE,NA,NONE,NONE,NONE
TBB-B-015,chr1_11708797_AGCCCTTCCAGTA_-,FBXO2,8.14%,NONE,NA,NONE,NONE,NONE
TBB-B-015,chr3_130135588_-_T,COL6A5,5.59%,NONE,NA,NONE,NONE,NONE
TBB-B-015,chr9_8501113_-_A,PTPRD,5.93%,PTPRD,NA,NONE,NONE,NONE
TBB-B-015,chr15_70987450_A_-,UACA,9.52%,NONE,"rs760471339,COSM5362770,COSM5362771,TMP_ESP_15_70987451_70987451",NONE,NONE,NONE
TBB-B-016,chr1_177242773_A_-,BRINP2,5.53%,NONE,NA,NONE,NONE,NONE
TBB-B-016,chr9_34724774_GGGATTTCCAC_-,FAM205A,9.27%,NONE,NA,NONE,NONE,NONE
TBB-B-016,chr14_21491007_CCCCCACACTGTTACCTGT_-,NDRG2,5.01%,NONE,NA,NONE,NONE,NONE
TBB-B-016,chr17_6609994_GCAGGGCGATCCTCTTGT_-,SLC13A5,5.13%,NONE,NA,NONE,NONE,NONE
TBB-B-016,chr4_52757911_T_-,DCUN1D4,7.69%,NONE,NA,NONE,NONE,NONE
TBB-B-016,chr5_147499874_-_A,SPINK5,5.94%,NONE,NA,NONE,NONE,NONE
TBB-B-016,chr11_18054799_A_-,TPH1,5.11%,NONE,NA,NONE,NONE,NONE
TBB-B-016,chr3_134204866_CTCGCTTTC_-,CEP63,8.28%,NONE,NA,NONE,NONE,NONE
TBB-B-016,chr10_97515948_G_-,ENTPD1,8.96%,NONE,NA,NONE,NONE,NONE
TBB-B-016,chr8_57906195_CCG_-,IMPAD1,8.09%,NONE,NA,NONE,NONE,NONE
TBB-B-016,chr2_152276856_AGAAATAGC_-,RIF1,7.86%,NONE,NA,NONE,NONE,NONE
TBB-B-016,chr18_77246226_-_T,NFATC1,7.07%,NONE,NA,NONE,NONE,NONE
TBB-B-016,chr9_123591493_-_A,PSMD5,13.08%,NONE,NA,NONE,NONE,NONE
TBB-B-016,chr11_70171711_G_-,PPFIA1,5.26%,NONE,NA,NONE,NONE,NONE
TBB-B-018,chr7_81591826_A_-,CACNA2D1,5.62%,NONE,NA,NONE,NONE,NONE
TBB-B-018,chr14_23770746_CT_-,PPP1R3E,68.07%,NONE,NA,NONE,NONE,NONE
TBB-B-018,chr12_104156136_ACTTTCGGATAA_-,STAB2,18.84%,NONE,NA,NONE,NONE,NONE
TBB-B-018,chr10_120070842_-_G,FAM204A,5.49%,NONE,NA,NONE,NONE,NONE
TBB-B-018,chr19_56220430_T_-,NLRP9,8.22%,NONE,NA,NONE,NONE,NONE
TBB-B-018,chr17_56440740_CCAGGTCAGC_-,RNF43,40.67%,RNF43,NA,NONE,NONE,NONE
TBB-B-018,chr16_74493551_GTGAGGAAAAGAAGGTGACG_-,GLG1,5.54%,NONE,NA,NONE,NONE,NONE
TBB-B-019,chr1_43664319_-_A,WDR65,5.15%,NONE,NA,NONE,NONE,NONE
TBB-B-019,chr4_103237003_-_A,SLC39A8,6.40%,NONE,NA,NONE,NONE,NONE
TBB-B-019,chr14_70527515_T_-,SLC8A3,6.72%,NONE,NA,NONE,NONE,NONE
TBB-B-019,chr13_76179845_-_T,UCHL3,9.28%,NONE,NA,NONE,NONE,NONE
TBB-B-019,chr15_101826504_CGACAC_-,SNRPA1,6.03%,NONE,NA,NONE,NONE,NONE
TBB-B-019,chr21_10942643_A_-,TPTE,7.25%,NONE,NA,NONE,NONE,NONE
TBB-B-019,chr6_155458642_GGCCGGGT_-,TIAM2,8.44%,NONE,NA,NONE,NONE,NONE
TBB-B-019,chr3_38608047_TCCTCTAGGTAGATG_-,SCN5A,7.70%,NONE,NA,NONE,NONE,NONE
TBB-B-019,chr14_52735356_TATG_-,PTGDR,7.03%,NONE,NA,NONE,NONE,NONE
TBB-B-019,chr5_153413460_-_T,FAM114A2,8.51%,NONE,NA,NONE,NONE,NONE
TBB-B-019,chr4_108608336_-_A,PAPSS1,6.52%,NONE,NA,NONE,NONE,NONE
TBB-B-019,chr2_74649268_C_-,WDR54,6.47%,NONE,NA,NONE,NONE,NONE
TBB-B-019,chr13_31036851_-_A,HMGB1,5.49%,NONE,NA,NONE,NONE,NONE
TBB-B-019,chr6_43528048_-_A,XPO5,5.08%,NONE,NA,NONE,NONE,NONE
TBB-B-019,chr19_1800077_GCACGTCCT_-,ATP8B3,6.14%,NONE,NA,NONE,NONE,NONE
TBB-B-019,chr2_167138320_A_-,SCN9A,7.30%,NONE,"rs755703742,COSM1613629,COSM1613630,COSM5829314,COSM5829315,TMP_ESP_2_167138321_167138321",NONE,NONE,NONE
TBB-B-019,chr2_206997835_A_-,NDUFS1,7.09%,NONE,"rs200409285,rs774860867,COSM1614187,COSM5518369,TMP_ESP_2_206997836_206997836",NONE,NONE,NONE
TBB-B-019,chr20_58475354_-_A,SYCP2,7.89%,NONE,NA,NONE,NONE,NONE
TBB-B-019,chr15_65936779_AGA_-,SLC24A1,6.14%,NONE,NA,NONE,NONE,NONE
TBB-B-019,chr12_31633202_-_A,DENND5B,11.79%,NONE,NA,NONE,NONE,NONE
TBB-B-020,chr1_108686340_-_A,SLC25A24,5.02%,NONE,NA,NONE,NONE,NONE
TBB-B-020,chr15_77327909_-_G,PSTPIP1,6.74%,NONE,NA,NONE,NONE,NONE
TBB-B-020,chr7_66463195_-_T,TYW1,7.89%,NONE,NA,NONE,NONE,NONE
TBB-B-020,chr20_3765892_TCC_-,CENPB,5.02%,NONE,NA,NONE,NONE,NONE
TBB-B-020,chr10_15858807_-_A,FAM188A,5.81%,NONE,NA,NONE,NONE,NONE
TBB-B-020,chr11_8494831_A_-,STK33,5.68%,NONE,"rs564344154,COSM4774619,COSM4774620",NONE,NONE,NONE
TBB-B-020,chr17_17209871_A_-,NT5M,8.48%,NONE,NA,NONE,NONE,NONE
TBB-B-020,chr2_29004734_T_-,PPP1CB,6.82%,NONE,NA,NONE,NONE,NONE
TBB-B-020,chr11_36514085_-_A,TRAF6,6.17%,NONE,NA,NONE,NONE,NONE
TBB-B-020,chr1_230372128_AAAAG_-,GALNT2,12.02%,NONE,NA,NONE,NONE,NONE
TBB-B-020,chr2_44934524_T_-,CAMKMT,5.17%,NONE,NA,NONE,NONE,NONE
TBB-B-020,chr11_49204797_-_A,FOLH1,5.13%,NONE,NA,NONE,NONE,NONE
TBB-B-020,chrX_14622416_-_T,GLRA2,7.95%,NONE,NA,NONE,NONE,NONE
TBB-B-022,chr2_178988919_A_-,RBM45,5.83%,NONE,"rs771047013,COSM208383,TMP_ESP_2_178988920_178988920",NONE,NONE,NONE
TBB-B-022,chr3_156411797_-_T,TIPARP,6.67%,NONE,NA,NONE,NONE,NONE
TBB-B-022,chr7_129813797_T_-,TMEM209,5.46%,NONE,NA,NONE,NONE,NONE
TBB-B-022,chr5_58021809_T_-,RAB3C,7.62%,NONE,NA,NONE,NONE,NONE
TBB-B-022,chr14_75574215_T_-,NEK9,5.43%,NONE,NA,NONE,NONE,NONE
TBB-B-022,chr11_134118382_A_-,THYN1,9.00%,NONE,NA,NONE,NONE,NONE
TBB-B-022,chr2_37076776_A_-,STRN,5.26%,NONE,NA,NONE,NONE,NONE
TBB-B-022,chr17_33998753_-_T,AP2B1,5.38%,NONE,NA,NONE,NONE,NONE