Primary_Institute_Patient_ID,Primary_Institute_Sample_ID,Timepoint_ID,Gene,HGVSC,HGVSP,Chromosome,Start_Location,Ref,Mut,Type,VAF_In_Tissue (%),Plasma_Volume_Used_ml,Plasma_cfDNA_Extracted_ng,Plasma_cfDNA_Extracted_ng/mL,Plasma_Sample_Level_Call,Variant_AF_In_Plasma (%),Tumor_Molecules_Per_mL_In_Plasma,Plasma_Sample_Mean_VAF (%),MTM/mL,Notes
TBB-B-002,TBB-B-002,1,RAE1,c.826-19T>G,,chr20,55949644,T,G,Transversion,41.935,1.9,122.2,64.3,Positive,41.029,7994.4,28.732,5598.4,
TBB-B-002,TBB-B-002,1,SLC4A4,c.3173T>G,p.Met1058Arg,chr4,72432794,T,G,Transversion,11.268,1.9,122.2,64.3,Positive,0,0,28.732,5598.4,
TBB-B-002,TBB-B-002,1,ZNF681,c.806T>G,p.Ile269Ser,chr19,23927546,A,C,Transversion,10.938,1.9,122.2,64.3,Positive,73.869,14393.2,28.732,5598.4,
TBB-B-002,TBB-B-002,1,PDGFRA,c.939T>G,p.Gly313=,chr4,55133726,T,G,Transversion,11.236,1.9,122.2,64.3,Positive,0,0,28.732,5598.4,
TBB-B-002,TBB-B-002,1,STK17A,c.1233A>G,p.Glu411=,chr7,43664429,A,G,Transition,20.779,1.9,122.2,64.3,Positive,67.267,13106.8,28.732,5598.4,
TBB-B-002,TBB-B-002,1,CS,c.796G>T,p.Glu266Ter,chr12,56668908,C,A,Transversion,16.746,1.9,122.2,64.3,Positive,32.555,6343.2,28.732,5598.4,
TBB-B-002,TBB-B-002,1,NOS1,c.*6078C>T,,chr12,117647036,G,A,Transition,12.766,1.9,122.2,64.3,Positive,0,0,28.732,5598.4,
TBB-B-002,TBB-B-002,1,SYT16,c.477C>T,p.Asp159=,chr14,62463214,C,T,Transition,12.27,1.9,122.2,64.3,Positive,0,0,28.732,5598.4,
TBB-B-002,TBB-B-002,1,HAUS8,c.645+16C>G,,chr19,17169343,G,C,Transversion,25.61,1.9,122.2,64.3,Positive,34.064,6637.4,28.732,5598.4,
TBB-B-002,TBB-B-002,1,TP53,c.658T>A,p.Tyr220Asn,chr17,7578191,A,T,Transversion,37.849,1.9,122.2,64.3,Positive,65.025,12670.1,28.732,5598.4,
TBB-B-002,TBB-B-002,1,MET,c.3083-968A>T,,chr7,116413967,A,T,Transversion,20.745,1.9,122.2,64.3,Positive,2.071,403.5,28.732,5598.4,
TBB-B-002,TBB-B-002,1,ZDHHC17,c.452C>G,p.Ser151Ter,chr12,77203546,C,G,Transversion,18.841,1.9,122.2,64.3,Positive,34.829,6786.4,28.732,5598.4,
TBB-B-002,TBB-B-002,1,ADAMTS17,c.1548G>C,p.Leu516=,chr15,100673446,C,G,Transversion,19.07,1.9,122.2,64.3,Positive,27.129,5286.1,28.732,5598.4,
TBB-B-002,TBB-B-002,1,TRDN,c.1369+1110T>A,,chr6,123672574,A,T,Transversion,16.981,1.9,122.2,64.3,Positive,25.669,5001.6,28.732,5598.4,
TBB-B-002,TBB-B-002,1,PKP3,c.1081C>T,p.Gln361Ter,chr11,399004,C,T,Transition,20.755,1.9,122.2,64.3,Positive,27.82,5420.7,28.732,5598.4,
TBB-B-002,TBB-B-002,1,LRRC14,c.1465G>T,p.Asp489Tyr,chr8,145746845,G,T,Transversion,14.221,1.9,122.2,64.3,Positive,28.389,5531.5,28.732,5598.4,
TBB-B-002,TBB-B-002,2,RAE1,c.826-19T>G,,chr20,55949644,T,G,Transversion,41.935,1.4,219.6,156.8,Positive,40.762,19370.6,31.179,14816.9,
TBB-B-002,TBB-B-002,2,SLC4A4,c.3173T>G,p.Met1058Arg,chr4,72432794,T,G,Transversion,11.268,1.4,219.6,156.8,Positive,0,0,31.179,14816.9,
TBB-B-002,TBB-B-002,2,ZNF681,c.806T>G,p.Ile269Ser,chr19,23927546,A,C,Transversion,10.938,1.4,219.6,156.8,Positive,80.074,38052.3,31.179,14816.9,
TBB-B-002,TBB-B-002,2,PDGFRA,c.939T>G,p.Gly313=,chr4,55133726,T,G,Transversion,11.236,1.4,219.6,156.8,Positive,0,0,31.179,14816.9,
TBB-B-002,TBB-B-002,2,STK17A,c.1233A>G,p.Glu411=,chr7,43664429,A,G,Transition,20.779,1.4,219.6,156.8,Positive,68.523,32563.4,31.179,14816.9,
TBB-B-002,TBB-B-002,2,CS,c.796G>T,p.Glu266Ter,chr12,56668908,C,A,Transversion,16.746,1.4,219.6,156.8,Positive,33.348,15847.5,31.179,14816.9,
TBB-B-002,TBB-B-002,2,NOS1,c.*6078C>T,,chr12,117647036,G,A,Transition,12.766,1.4,219.6,156.8,Positive,0,0,31.179,14816.9,
TBB-B-002,TBB-B-002,2,SYT16,c.477C>T,p.Asp159=,chr14,62463214,C,T,Transition,12.27,1.4,219.6,156.8,Positive,0,0,31.179,14816.9,
TBB-B-002,TBB-B-002,2,HAUS8,c.645+16C>G,,chr19,17169343,G,C,Transversion,25.61,1.4,219.6,156.8,Positive,36.468,17330.1,31.179,14816.9,
TBB-B-002,TBB-B-002,2,TP53,c.658T>A,p.Tyr220Asn,chr17,7578191,A,T,Transversion,37.849,1.4,219.6,156.8,Positive,72.684,34540.8,31.179,14816.9,
TBB-B-002,TBB-B-002,2,MET,c.3083-968A>T,,chr7,116413967,A,T,Transversion,20.745,1.4,219.6,156.8,Positive,8.557,4066.6,31.179,14816.9,
TBB-B-002,TBB-B-002,2,ZDHHC17,c.452C>G,p.Ser151Ter,chr12,77203546,C,G,Transversion,18.841,1.4,219.6,156.8,Positive,36.496,17343.4,31.179,14816.9,
TBB-B-002,TBB-B-002,2,ADAMTS17,c.1548G>C,p.Leu516=,chr15,100673446,C,G,Transversion,19.07,1.4,219.6,156.8,Positive,23.379,11110.1,31.179,14816.9,
TBB-B-002,TBB-B-002,2,TRDN,c.1369+1110T>A,,chr6,123672574,A,T,Transversion,16.981,1.4,219.6,156.8,Positive,31.06,14760.2,31.179,14816.9,
TBB-B-002,TBB-B-002,2,PKP3,c.1081C>T,p.Gln361Ter,chr11,399004,C,T,Transition,20.755,1.4,219.6,156.8,Positive,38.036,18075.5,31.179,14816.9,
TBB-B-002,TBB-B-002,2,LRRC14,c.1465G>T,p.Asp489Tyr,chr8,145746845,G,T,Transversion,14.221,1.4,219.6,156.8,Positive,29.483,14010.6,31.179,14816.9,
TBB-B-003,TBB-B-003,1,NME7,c.595G>C,p.Asp199His,chr1,169267847,C,G,Transversion,36.321,1.9,13.8,7.3,Positive,4.516,99.7,2.064,45.6,
TBB-B-003,TBB-B-003,1,TRMT1,c.1284C>G,p.Ile428Met,chr19,13220391,G,C,Transversion,22.12,1.9,13.8,7.3,Positive,2.053,45.3,2.064,45.6,
TBB-B-003,TBB-B-003,1,PCDH18,c.1512C>G,p.Ile504Met,chr4,138451731,G,C,Transversion,20.455,1.9,13.8,7.3,Positive,1.514,33.4,2.064,45.6,
TBB-B-003,TBB-B-003,1,FGD5,c.2793T>A,p.His931Gln,chr3,14939060,T,A,Transversion,23.529,1.9,13.8,7.3,Positive,1.834,40.5,2.064,45.6,
TBB-B-003,TBB-B-003,1,PCNX,c.6669T>A,p.Asp2223Glu,chr14,71575688,T,A,Transversion,21.739,1.9,13.8,7.3,Positive,3.065,67.7,2.064,45.6,
TBB-B-003,TBB-B-003,1,PRKCG,c.398-29G>C,,chr19,54393111,G,C,Transversion,20.884,1.9,13.8,7.3,Positive,1.365,30.1,2.064,45.6,
TBB-B-003,TBB-B-003,1,HOMER3,c.-39C>T,,chr19,19049830,G,A,Transition,22.917,1.9,13.8,7.3,Positive,2,44.2,2.064,45.6,
TBB-B-003,TBB-B-003,1,GFER,c.53T>A,p.Leu18Gln,chr16,2034272,T,A,Transversion,21.053,1.9,13.8,7.3,Positive,2.198,48.5,2.064,45.6,
TBB-B-003,TBB-B-003,1,CEP164,c.1152+43C>G,,chr11,117242225,C,G,Transversion,28.986,1.9,13.8,7.3,Positive,1.829,40.4,2.064,45.6,
TBB-B-003,TBB-B-003,1,ZNF624,c.2273G>C,p.Gly758Ala,chr17,16525927,C,G,Transversion,39.241,1.9,13.8,7.3,Positive,2.235,49.3,2.064,45.6,
TBB-B-003,TBB-B-003,1,DOCK11,c.694-5T>G,,chrX,117699963,T,G,Transversion,21.596,1.9,13.8,7.3,Positive,3.102,68.5,2.064,45.6,
TBB-B-003,TBB-B-003,1,NHEJ1,c.155G>C,p.Ser52Thr,chr2,220022930,C,G,Transversion,22.327,1.9,13.8,7.3,Positive,1.109,24.5,2.064,45.6,
TBB-B-003,TBB-B-003,1,FGFR4,c.940G>C,p.Glu314Gln,chr5,176519668,G,C,Transversion,21.867,1.9,13.8,7.3,Positive,1.121,24.7,2.064,45.6,
TBB-B-003,TBB-B-003,1,RLN3,c.158G>C,p.Arg53Thr,chr19,14139174,G,C,Transversion,21.782,1.9,13.8,7.3,Positive,2.142,47.3,2.064,45.6,
TBB-B-003,TBB-B-003,1,ZAN,c.6096C>G,p.Ile2032Met,chr7,100373362,C,G,Transversion,21.269,1.9,13.8,7.3,Positive,1.519,33.5,2.064,45.6,
TBB-B-003,TBB-B-003,1,VAV1,c.1136C>G,p.Thr379Arg,chr19,6828676,C,G,Transversion,23.462,1.9,13.8,7.3,Positive,1.427,31.5,2.064,45.6,
TBB-B-003,TBB-B-003,2,NME7,c.595G>C,p.Asp199His,chr1,169267847,C,G,Transversion,36.321,2.4,40,16.7,Positive,16.213,819,8.346,421.6,
TBB-B-003,TBB-B-003,2,TRMT1,c.1284C>G,p.Ile428Met,chr19,13220391,G,C,Transversion,22.12,2.4,40,16.7,Positive,9.541,482,8.346,421.6,
TBB-B-003,TBB-B-003,2,PCDH18,c.1512C>G,p.Ile504Met,chr4,138451731,G,C,Transversion,20.455,2.4,40,16.7,Positive,8.862,447.7,8.346,421.6,
TBB-B-003,TBB-B-003,2,FGD5,c.2793T>A,p.His931Gln,chr3,14939060,T,A,Transversion,23.529,2.4,40,16.7,Positive,7.143,360.9,8.346,421.6,
TBB-B-003,TBB-B-003,2,PCNX,c.6669T>A,p.Asp2223Glu,chr14,71575688,T,A,Transversion,21.739,2.4,40,16.7,Positive,8.264,417.5,8.346,421.6,
TBB-B-003,TBB-B-003,2,PRKCG,c.398-29G>C,,chr19,54393111,G,C,Transversion,20.884,2.4,40,16.7,Positive,5.949,300.6,8.346,421.6,
TBB-B-003,TBB-B-003,2,HOMER3,c.-39C>T,,chr19,19049830,G,A,Transition,22.917,2.4,40,16.7,Positive,7.358,371.7,8.346,421.6,
TBB-B-003,TBB-B-003,2,GFER,c.53T>A,p.Leu18Gln,chr16,2034272,T,A,Transversion,21.053,2.4,40,16.7,Positive,5.556,280.7,8.346,421.6,
TBB-B-003,TBB-B-003,2,CEP164,c.1152+43C>G,,chr11,117242225,C,G,Transversion,28.986,2.4,40,16.7,Positive,9.448,477.3,8.346,421.6,
TBB-B-003,TBB-B-003,2,ZNF624,c.2273G>C,p.Gly758Ala,chr17,16525927,C,G,Transversion,39.241,2.4,40,16.7,Positive,9.503,480.1,8.346,421.6,
TBB-B-003,TBB-B-003,2,DOCK11,c.694-5T>G,,chrX,117699963,T,G,Transversion,21.596,2.4,40,16.7,Positive,10.593,535.1,8.346,421.6,
TBB-B-003,TBB-B-003,2,NHEJ1,c.155G>C,p.Ser52Thr,chr2,220022930,C,G,Transversion,22.327,2.4,40,16.7,Positive,1.427,72.1,8.346,421.6,
TBB-B-003,TBB-B-003,2,FGFR4,c.940G>C,p.Glu314Gln,chr5,176519668,G,C,Transversion,21.867,2.4,40,16.7,Positive,8.662,437.6,8.346,421.6,
TBB-B-003,TBB-B-003,2,RLN3,c.158G>C,p.Arg53Thr,chr19,14139174,G,C,Transversion,21.782,2.4,40,16.7,Positive,9.645,487.2,8.346,421.6,
TBB-B-003,TBB-B-003,2,ZAN,c.6096C>G,p.Ile2032Met,chr7,100373362,C,G,Transversion,21.269,2.4,40,16.7,Positive,8.624,435.7,8.346,421.6,
TBB-B-003,TBB-B-003,2,VAV1,c.1136C>G,p.Thr379Arg,chr19,6828676,C,G,Transversion,23.462,2.4,40,16.7,Positive,6.75,341,8.346,421.6,
TBB-B-005,TBB-B-005,1,HRAS,c.35G>A,p.Gly12Asp,chr11,534288,C,T,Transition,25.192,1.7,20.3,11.9,Negative,0,0,0,0,
TBB-B-005,TBB-B-005,1,ROS1,c.5641+766G>C,,chr6,117644729,C,G,Transversion,13.173,1.7,20.3,11.9,Negative,0,0,0,0,
TBB-B-005,TBB-B-005,1,LAMA3,c.4282-1G>C,,chr18,21438652,G,C,Transversion,12.393,1.7,20.3,11.9,Negative,0,0,0,0,
TBB-B-005,TBB-B-005,1,ATRNL1,c.2654C>A,p.Pro885Gln,chr10,117061389,C,A,Transversion,19.169,1.7,20.3,11.9,Negative,0,0,0,0,
TBB-B-005,TBB-B-005,1,DOCK3,c.1540+14C>T,,chr3,51264890,C,T,Transition,14.368,1.7,20.3,11.9,Negative,0,0,0,0,
TBB-B-005,TBB-B-005,1,DNAJB5,c.345G>A,p.Met115Ile,chr9,34993233,G,A,Transition,17.712,1.7,20.3,11.9,Negative,0,0,0,0,
TBB-B-005,TBB-B-005,1,NAF1,c.579T>C,p.Pro193=,chr4,164069548,A,G,Transition,19.231,1.7,20.3,11.9,Negative,0,0,0,0,
TBB-B-005,TBB-B-005,1,FAM206A,c.262G>A,p.Gly88Arg,chr9,111701476,G,A,Transition,14.66,1.7,20.3,11.9,Negative,0,0,0,0,
TBB-B-005,TBB-B-005,1,KREMEN1,c.1416+1143T>G,,chr22,29539231,T,G,Transversion,18.519,1.7,20.3,11.9,Negative,0,0,0,0,
TBB-B-005,TBB-B-005,1,ADCYAP1,c.112C>G,p.Pro38Ala,chr18,907661,C,G,Transversion,21.033,1.7,20.3,11.9,Negative,0,0,0,0,
TBB-B-005,TBB-B-005,1,ARID2,c.1498+1G>C,,chr12,46233280,G,C,Transversion,16.299,1.7,20.3,11.9,Negative,0,0,0,0,
TBB-B-005,TBB-B-005,1,NKD1,c.463-39C>A,,chr16,50664058,C,A,Transversion,21.739,1.7,20.3,11.9,Negative,0,0,0,0,
TBB-B-005,TBB-B-005,1,SPRED2,c.*1508C>G,,chr2,65539127,G,C,Transversion,14.388,1.7,20.3,11.9,Negative,0,0,0,0,
TBB-B-005,TBB-B-005,1,KDM3A,c.1186A>C,p.Asn396His,chr2,86693673,A,C,Transversion,14.026,1.7,20.3,11.9,Negative,0,0,0,0,
TBB-B-005,TBB-B-005,1,GRID2,c.1412C>T,p.Ser471Phe,chr4,94343986,C,T,Transition,18.966,1.7,20.3,11.9,Negative,0,0,0,0,
TBB-B-005,TBB-B-005,1,TRAIP,c.1051G>T,p.Asp351Tyr,chr3,49867488,C,A,Transversion,19.34,1.7,20.3,11.9,Negative,0,0,0,0,
TBB-B-005,TBB-B-005,2,HRAS,c.35G>A,p.Gly12Asp,chr11,534288,C,T,Transition,25.192,3.5,22.1,6.3,Negative,0,0,0,0,
TBB-B-005,TBB-B-005,2,ROS1,c.5641+766G>C,,chr6,117644729,C,G,Transversion,13.173,3.5,22.1,6.3,Negative,0,0,0,0,
TBB-B-005,TBB-B-005,2,LAMA3,c.4282-1G>C,,chr18,21438652,G,C,Transversion,12.393,3.5,22.1,6.3,Negative,0,0,0,0,
TBB-B-005,TBB-B-005,2,ATRNL1,c.2654C>A,p.Pro885Gln,chr10,117061389,C,A,Transversion,19.169,3.5,22.1,6.3,Negative,0,0,0,0,
TBB-B-005,TBB-B-005,2,DOCK3,c.1540+14C>T,,chr3,51264890,C,T,Transition,14.368,3.5,22.1,6.3,Negative,0,0,0,0,
TBB-B-005,TBB-B-005,2,DNAJB5,c.345G>A,p.Met115Ile,chr9,34993233,G,A,Transition,17.712,3.5,22.1,6.3,Negative,0,0,0,0,
TBB-B-005,TBB-B-005,2,NAF1,c.579T>C,p.Pro193=,chr4,164069548,A,G,Transition,19.231,3.5,22.1,6.3,Negative,0,0,0,0,
TBB-B-005,TBB-B-005,2,FAM206A,c.262G>A,p.Gly88Arg,chr9,111701476,G,A,Transition,14.66,3.5,22.1,6.3,Negative,0,0,0,0,
TBB-B-005,TBB-B-005,2,KREMEN1,c.1416+1143T>G,,chr22,29539231,T,G,Transversion,18.519,3.5,22.1,6.3,Negative,0,0,0,0,
TBB-B-005,TBB-B-005,2,ADCYAP1,c.112C>G,p.Pro38Ala,chr18,907661,C,G,Transversion,21.033,3.5,22.1,6.3,Negative,0,0,0,0,
TBB-B-005,TBB-B-005,2,ARID2,c.1498+1G>C,,chr12,46233280,G,C,Transversion,16.299,3.5,22.1,6.3,Negative,0,0,0,0,
TBB-B-005,TBB-B-005,2,NKD1,c.463-39C>A,,chr16,50664058,C,A,Transversion,21.739,3.5,22.1,6.3,Negative,0,0,0,0,
TBB-B-005,TBB-B-005,2,SPRED2,c.*1508C>G,,chr2,65539127,G,C,Transversion,14.388,3.5,22.1,6.3,Negative,0,0,0,0,
TBB-B-005,TBB-B-005,2,KDM3A,c.1186A>C,p.Asn396His,chr2,86693673,A,C,Transversion,14.026,3.5,22.1,6.3,Negative,0,0,0,0,
TBB-B-005,TBB-B-005,2,GRID2,c.1412C>T,p.Ser471Phe,chr4,94343986,C,T,Transition,18.966,3.5,22.1,6.3,Negative,0,0,0,0,
TBB-B-005,TBB-B-005,2,TRAIP,c.1051G>T,p.Asp351Tyr,chr3,49867488,C,A,Transversion,19.34,3.5,22.1,6.3,Negative,0,0,0,0,
TBB-B-007,TBB-B-007,1,ABL2,c.1311C>G,p.Asp437Glu,chr1,179086564,G,C,Transversion,56.588,2.9,16.5,5.7,Positive,0.09,1.5,0.04,0.7,
TBB-B-007,TBB-B-007,1,GPM6B,c.529G>T,p.Val177Phe,chrX,13798105,C,A,Transversion,62.857,2.9,16.5,5.7,Positive,0,0,0.04,0.7,
TBB-B-007,TBB-B-007,1,PHKA1,c.1865G>A,p.Gly622Glu,chrX,71843054,C,T,Transition,57.471,2.9,16.5,5.7,Positive,0.078,1.4,0.04,0.7,
TBB-B-007,TBB-B-007,1,AHDC1,c.2084T>A,p.Phe695Tyr,chr1,27876543,A,T,Transversion,34.911,2.9,16.5,5.7,Positive,0,0,0.04,0.7,
TBB-B-007,TBB-B-007,1,CERS1,c.920C>G,p.Ala307Gly,chr19,18989829,G,C,Transversion,30.108,2.9,16.5,5.7,Positive,0.042,0.7,0.04,0.7,
TBB-B-007,TBB-B-007,1,MRI1,c.950-11C>T,,chr19,13882924,C,T,Transition,34.266,2.9,16.5,5.7,Positive,0,0,0.04,0.7,
TBB-B-007,TBB-B-007,1,PRPF38B,c.1449A>T,p.Glu483Asp,chr1,109242450,A,T,Transversion,33.108,2.9,16.5,5.7,Positive,0,0,0.04,0.7,
TBB-B-007,TBB-B-007,1,TMEM43,c.297+51G>C,,chr3,14172507,G,C,Transversion,26.549,2.9,16.5,5.7,Positive,0,0,0.04,0.7,
TBB-B-007,TBB-B-007,1,PASD1,c.1624A>C,p.Lys542Gln,chrX,150840841,A,C,Transversion,36.689,2.9,16.5,5.7,Positive,0.107,1.8,0.04,0.7,
TBB-B-007,TBB-B-007,1,ESR1,c.1610A>C,p.Tyr537Ser,chr6,152419923,A,C,Transversion,34.76,2.9,16.5,5.7,Positive,0.045,0.8,0.04,0.7,
TBB-B-007,TBB-B-007,1,FERMT1,c.1822A>C,p.Asn608His,chr20,6060121,T,G,Transversion,33.065,2.9,16.5,5.7,Positive,0,0,0.04,0.7,
TBB-B-007,TBB-B-007,1,TEX10,c.2714C>G,p.Thr905Arg,chr9,103064549,G,C,Transversion,35.827,2.9,16.5,5.7,Positive,0,0,0.04,0.7,
TBB-B-007,TBB-B-007,1,AJUBA,c.1177-7A>C,,chr14,23445734,T,G,Transversion,29.947,2.9,16.5,5.7,Positive,0,0,0.04,0.7,
TBB-B-007,TBB-B-007,1,IGSF1,c.2057-1G>C,,chrX,130412109,C,G,Transversion,30.38,2.9,16.5,5.7,Positive,0,0,0.04,0.7,
TBB-B-007,TBB-B-007,1,SPTLC1,c.1002A>T,p.Gly334=,chr9,94809533,T,A,Transversion,56.923,2.9,16.5,5.7,Positive,0.222,3.8,0.04,0.7,
TBB-B-007,TBB-B-007,1,VLDLR,c.1962+41C>A,,chr9,2648388,C,A,Transversion,70.588,2.9,16.5,5.7,Positive,0.055,0.9,0.04,0.7,
TBB-B-007,TBB-B-007,2,ABL2,c.1311C>G,p.Asp437Glu,chr1,179086564,G,C,Transversion,56.588,2,17.7,8.9,Positive,23.337,626.2,11.04,296.2,
TBB-B-007,TBB-B-007,2,GPM6B,c.529G>T,p.Val177Phe,chrX,13798105,C,A,Transversion,62.857,2,17.7,8.9,Positive,9.433,253.1,11.04,296.2,
TBB-B-007,TBB-B-007,2,PHKA1,c.1865G>A,p.Gly622Glu,chrX,71843054,C,T,Transition,57.471,2,17.7,8.9,Positive,9.944,266.8,11.04,296.2,
TBB-B-007,TBB-B-007,2,AHDC1,c.2084T>A,p.Phe695Tyr,chr1,27876543,A,T,Transversion,34.911,2,17.7,8.9,Positive,11.477,308,11.04,296.2,
TBB-B-007,TBB-B-007,2,CERS1,c.920C>G,p.Ala307Gly,chr19,18989829,G,C,Transversion,30.108,2,17.7,8.9,Positive,13.243,355.4,11.04,296.2,
TBB-B-007,TBB-B-007,2,MRI1,c.950-11C>T,,chr19,13882924,C,T,Transition,34.266,2,17.7,8.9,Positive,9.687,259.9,11.04,296.2,
TBB-B-007,TBB-B-007,2,PRPF38B,c.1449A>T,p.Glu483Asp,chr1,109242450,A,T,Transversion,33.108,2,17.7,8.9,Positive,9.991,268.1,11.04,296.2,
TBB-B-007,TBB-B-007,2,TMEM43,c.297+51G>C,,chr3,14172507,G,C,Transversion,26.549,2,17.7,8.9,Positive,9.68,259.7,11.04,296.2,
TBB-B-007,TBB-B-007,2,PASD1,c.1624A>C,p.Lys542Gln,chrX,150840841,A,C,Transversion,36.689,2,17.7,8.9,Positive,12.735,341.7,11.04,296.2,
TBB-B-007,TBB-B-007,2,ESR1,c.1610A>C,p.Tyr537Ser,chr6,152419923,A,C,Transversion,34.76,2,17.7,8.9,Positive,10.217,274.2,11.04,296.2,
TBB-B-007,TBB-B-007,2,FERMT1,c.1822A>C,p.Asn608His,chr20,6060121,T,G,Transversion,33.065,2,17.7,8.9,Positive,6.15,165,11.04,296.2,
TBB-B-007,TBB-B-007,2,TEX10,c.2714C>G,p.Thr905Arg,chr9,103064549,G,C,Transversion,35.827,2,17.7,8.9,Positive,4.056,108.8,11.04,296.2,
TBB-B-007,TBB-B-007,2,AJUBA,c.1177-7A>C,,chr14,23445734,T,G,Transversion,29.947,2,17.7,8.9,Positive,8.866,237.9,11.04,296.2,
TBB-B-007,TBB-B-007,2,IGSF1,c.2057-1G>C,,chrX,130412109,C,G,Transversion,30.38,2,17.7,8.9,Positive,7.882,211.5,11.04,296.2,
TBB-B-007,TBB-B-007,2,SPTLC1,c.1002A>T,p.Gly334=,chr9,94809533,T,A,Transversion,56.923,2,17.7,8.9,Positive,12.753,342.2,11.04,296.2,
TBB-B-007,TBB-B-007,2,VLDLR,c.1962+41C>A,,chr9,2648388,C,A,Transversion,70.588,2,17.7,8.9,Positive,17.189,461.2,11.04,296.2,
TBB-B-008,TBB-B-008,1,GPR56,c.-94+4433C>G,,chr16,57667198,C,G,Transversion,9.459,2.9,50,17.3,Positive,4.487,234.6,4.342,227,
TBB-B-008,TBB-B-008,1,TSC22D1,c.1611G>C,p.Gln537His,chr13,45148600,C,G,Transversion,3.148,2.9,50,17.3,Positive,4.329,226.3,4.342,227,
TBB-B-008,TBB-B-008,1,GPT,c.549C>T,p.Leu183=,chr8,145730682,C,T,Transition,8.451,2.9,50,17.3,Positive,9.203,481.1,4.342,227,
TBB-B-008,TBB-B-008,1,PLEK,c.313G>A,p.Gly105Arg,chr2,68607969,G,A,Transition,3.704,2.9,50,17.3,Positive,1.352,70.7,4.342,227,
TBB-B-008,TBB-B-008,1,ZCCHC11,c.3540G>C,p.Lys1180Asn,chr1,52912088,C,G,Transversion,2.97,2.9,50,17.3,Positive,5.605,293,4.342,227,
TBB-B-008,TBB-B-008,1,ARID4A,c.526G>A,p.Gly176Arg,chr14,58790279,G,A,Transition,3.361,2.9,50,17.3,Positive,0,0,4.342,227,
TBB-B-008,TBB-B-008,1,NAV2,c.6921C>A,p.Arg2307=,chr11,20127176,C,A,Transversion,3.659,2.9,50,17.3,Positive,4.951,258.8,4.342,227,
TBB-B-008,TBB-B-008,1,HEATR5B,c.3564G>A,p.Trp1188Ter,chr2,37255861,C,T,Transition,5.056,2.9,50,17.3,Positive,1.386,72.5,4.342,227,
TBB-B-008,TBB-B-008,1,SGK223,c.2157-39C>G,,chr8,8197190,G,C,Transversion,5,2.9,50,17.3,Positive,5.259,275,4.342,227,
TBB-B-008,TBB-B-008,1,OXR1,c.223+62058T>A,,chr8,107593425,T,A,Transversion,5.839,2.9,50,17.3,Positive,3.814,199.4,4.342,227,
TBB-B-008,TBB-B-008,1,CDH18,c.1387A>T,p.Ile463Phe,chr5,19543981,T,A,Transversion,4.386,2.9,50,17.3,Positive,1.35,70.6,4.342,227,
TBB-B-008,TBB-B-008,1,SLC25A44,c.-13-24C>G,,chr1,156169602,C,G,Transversion,3.623,2.9,50,17.3,Positive,9.385,490.6,4.342,227,
TBB-B-008,TBB-B-008,1,CHAT,c.1847C>G,p.Thr616Arg,chr10,50870698,C,G,Transversion,3.571,2.9,50,17.3,Positive,3.863,202,4.342,227,
TBB-B-008,TBB-B-008,1,MFAP3L,c.-64T>A,,chr4,170927092,A,T,Transversion,3.797,2.9,50,17.3,Positive,5.05,264,4.342,227,
TBB-B-008,TBB-B-008,1,ABCA13,c.12905+8T>A,,chr7,48506650,T,A,Transversion,3.941,2.9,50,17.3,Positive,5.304,277.3,4.342,227,
TBB-B-008,TBB-B-008,1,PLA2G7,c.168C>T,p.Ile56=,chr6,46684775,G,A,Transition,3.65,2.9,50,17.3,Positive,4.129,215.8,4.342,227,
TBB-B-008,TBB-B-008,2,GPR56,c.-94+4433C>G,,chr16,57667198,C,G,Transversion,9.459,3.6,31,8.6,Positive,2.498,65.2,3.158,82.5,
TBB-B-008,TBB-B-008,2,TSC22D1,c.1611G>C,p.Gln537His,chr13,45148600,C,G,Transversion,3.148,3.6,31,8.6,Positive,3.589,93.8,3.158,82.5,
TBB-B-008,TBB-B-008,2,GPT,c.549C>T,p.Leu183=,chr8,145730682,C,T,Transition,8.451,3.6,31,8.6,Positive,8.914,232.8,3.158,82.5,
TBB-B-008,TBB-B-008,2,PLEK,c.313G>A,p.Gly105Arg,chr2,68607969,G,A,Transition,3.704,3.6,31,8.6,Positive,0.173,4.5,3.158,82.5,
TBB-B-008,TBB-B-008,2,ZCCHC11,c.3540G>C,p.Lys1180Asn,chr1,52912088,C,G,Transversion,2.97,3.6,31,8.6,Positive,4.863,127,3.158,82.5,
TBB-B-008,TBB-B-008,2,ARID4A,c.526G>A,p.Gly176Arg,chr14,58790279,G,A,Transition,3.361,3.6,31,8.6,Positive,0,0,3.158,82.5,
TBB-B-008,TBB-B-008,2,NAV2,c.6921C>A,p.Arg2307=,chr11,20127176,C,A,Transversion,3.659,3.6,31,8.6,Positive,4.958,129.5,3.158,82.5,
TBB-B-008,TBB-B-008,2,HEATR5B,c.3564G>A,p.Trp1188Ter,chr2,37255861,C,T,Transition,5.056,3.6,31,8.6,Positive,0.202,5.3,3.158,82.5,
TBB-B-008,TBB-B-008,2,SGK223,c.2157-39C>G,,chr8,8197190,G,C,Transversion,5,3.6,31,8.6,Positive,4.845,126.6,3.158,82.5,
TBB-B-008,TBB-B-008,2,OXR1,c.223+62058T>A,,chr8,107593425,T,A,Transversion,5.839,3.6,31,8.6,Positive,0.307,8,3.158,82.5,
TBB-B-008,TBB-B-008,2,CDH18,c.1387A>T,p.Ile463Phe,chr5,19543981,T,A,Transversion,4.386,3.6,31,8.6,Positive,0.223,5.8,3.158,82.5,
TBB-B-008,TBB-B-008,2,SLC25A44,c.-13-24C>G,,chr1,156169602,C,G,Transversion,3.623,3.6,31,8.6,Positive,8.018,209.4,3.158,82.5,
TBB-B-008,TBB-B-008,2,CHAT,c.1847C>G,p.Thr616Arg,chr10,50870698,C,G,Transversion,3.571,3.6,31,8.6,Positive,2.493,65.1,3.158,82.5,
TBB-B-008,TBB-B-008,2,MFAP3L,c.-64T>A,,chr4,170927092,A,T,Transversion,3.797,3.6,31,8.6,Positive,4.445,116.1,3.158,82.5,
TBB-B-008,TBB-B-008,2,ABCA13,c.12905+8T>A,,chr7,48506650,T,A,Transversion,3.941,3.6,31,8.6,Positive,4.887,127.7,3.158,82.5,
TBB-B-008,TBB-B-008,2,PLA2G7,c.168C>T,p.Ile56=,chr6,46684775,G,A,Transition,3.65,3.6,31,8.6,Positive,0.109,2.8,3.158,82.5,
TBB-B-010,TBB-B-010,1,SLC25A37,c.593A>C,p.Tyr198Ser,chr8,23428944,A,C,Transversion,14.206,3.1,166,53.6,Positive,0,0,21.863,3548.6,
TBB-B-010,TBB-B-010,1,MLLT3,c.1287T>G,p.Ser429=,chr9,20363518,A,C,Transversion,7.865,3.1,166,53.6,Positive,29.001,4707,21.863,3548.6,
TBB-B-010,TBB-B-010,1,ZNF182,c.1831T>C,p.Ser611Pro,chrX,47835655,A,G,Transition,11.176,3.1,166,53.6,Positive,27.275,4427,21.863,3548.6,
TBB-B-010,TBB-B-010,1,EFHB,c.742C>T,p.Pro248Ser,chr3,19974769,G,A,Transition,10,3.1,166,53.6,Positive,26.312,4270.6,21.863,3548.6,
TBB-B-010,TBB-B-010,1,LRP1,c.10132C>G,p.Gln3378Glu,chr12,57594505,C,G,Transversion,7.213,3.1,166,53.6,Positive,40.025,6496.3,21.863,3548.6,
TBB-B-010,TBB-B-010,1,SLC5A7,c.908C>G,p.Thr303Ser,chr2,108624933,C,G,Transversion,6.494,3.1,166,53.6,Positive,25.839,4193.8,21.863,3548.6,
TBB-B-010,TBB-B-010,1,COL4A6,c.15-172G>T,,chrX,107681395,C,A,Transversion,8.664,3.1,166,53.6,Positive,25.43,4127.5,21.863,3548.6,
TBB-B-010,TBB-B-010,1,SYT14,c.849+1G>C,,chr1,210267939,G,C,Transversion,6.383,3.1,166,53.6,Positive,20.777,3372.3,21.863,3548.6,
TBB-B-010,TBB-B-010,1,SLC52A3,c.-8A>C,,chr20,746426,T,G,Transversion,11.22,3.1,166,53.6,Positive,0,0,21.863,3548.6,
TBB-B-010,TBB-B-010,1,CETN2,c.-32T>G,,chrX,151999286,A,C,Transversion,17.701,3.1,166,53.6,Positive,0,0,21.863,3548.6,
TBB-B-010,TBB-B-010,1,KIAA1239,c.4522C>T,p.Leu1508=,chr4,37448132,C,T,Transition,25.714,3.1,166,53.6,Positive,27.112,4400.4,21.863,3548.6,
TBB-B-010,TBB-B-010,1,CEP78,c.1543A>T,p.Ile515Phe,chr9,80879147,A,T,Transversion,25,3.1,166,53.6,Positive,26.365,4279.2,21.863,3548.6,
TBB-B-010,TBB-B-010,1,PNPLA3,c.979+9T>A,,chr22,44333161,T,A,Transversion,15.267,3.1,166,53.6,Positive,32.706,5308.5,21.863,3548.6,
TBB-B-010,TBB-B-010,1,EVC,c.2757G>C,p.Leu919=,chr4,5811313,G,C,Transversion,10.698,3.1,166,53.6,Positive,25.63,4159.9,21.863,3548.6,
TBB-B-010,TBB-B-010,1,MAPK8IP3,c.3702G>C,p.Gly1234=,chr16,1818342,G,C,Transversion,10.5,3.1,166,53.6,Positive,28.072,4556.4,21.863,3548.6,
TBB-B-010,TBB-B-010,1,OGT,c.468G>T,p.Leu156Phe,chrX,70764422,G,T,Transversion,22.951,3.1,166,53.6,Positive,15.269,2478.3,21.863,3548.6,
TBB-B-012,TBB-B-012,1,RBM42,c.1247A>C,p.Lys416Thr,chr19,36128171,A,C,Transversion,42.105,2.8,337.2,120.4,Positive,30.987,11307.1,16.674,6084.3,
TBB-B-012,TBB-B-012,1,PPP1R32,c.1208+7C>A,,chr11,61257425,C,A,Transversion,26.74,2.8,337.2,120.4,Positive,17.723,6467.1,16.674,6084.3,
TBB-B-012,TBB-B-012,1,RANGRF,c.429T>C,p.Asn143=,chr17,8192898,T,C,Transition,29.693,2.8,337.2,120.4,Positive,10.944,3993.5,16.674,6084.3,
TBB-B-012,TBB-B-012,1,MGAT4C,c.924C>G,p.Leu308=,chr12,86373580,G,C,Transversion,17.222,2.8,337.2,120.4,Positive,0.953,347.9,16.674,6084.3,
TBB-B-012,TBB-B-012,1,SHANK1,c.367G>C,p.Ala123Pro,chr19,51219624,C,G,Transversion,18.152,2.8,337.2,120.4,Positive,3.746,1366.7,16.674,6084.3,
TBB-B-012,TBB-B-012,1,TRPC4AP,c.472+13A>G,,chr20,33645304,T,C,Transition,34.848,2.8,337.2,120.4,Positive,29.086,10613.2,16.674,6084.3,
TBB-B-012,TBB-B-012,1,WFDC5,c.227-4G>T,,chr20,43739185,C,A,Transversion,33.153,2.8,337.2,120.4,Positive,27.064,9875.5,16.674,6084.3,
TBB-B-012,TBB-B-012,1,NUP155,c.2024+4A>C,,chr5,37327727,T,G,Transversion,14.732,2.8,337.2,120.4,Positive,1.006,366.9,16.674,6084.3,
TBB-B-012,TBB-B-012,1,EHMT1,c.803C>G,p.Ala268Gly,chr9,140622961,C,G,Transversion,42.008,2.8,337.2,120.4,Positive,30.442,11107.9,16.674,6084.3,
TBB-B-012,TBB-B-012,1,DSG1,c.2572C>G,p.Pro858Ala,chr18,28934731,C,G,Transversion,34.104,2.8,337.2,120.4,Positive,4.1,1496.1,16.674,6084.3,
TBB-B-012,TBB-B-012,1,CARD11,c.7+36A>C,,chr7,2998098,T,G,Transversion,25.401,2.8,337.2,120.4,Positive,4.234,1545.1,16.674,6084.3,
TBB-B-012,TBB-B-012,1,TRA2B,c.36+2849T>G,,chr3,185652764,A,C,Transversion,30.088,2.8,337.2,120.4,Positive,24.308,8869.7,16.674,6084.3,
TBB-B-012,TBB-B-012,1,KPRP,c.262C>T,p.Gln88Ter,chr1,152732326,C,T,Transition,38.177,2.8,337.2,120.4,Positive,24.435,8916.3,16.674,6084.3,
TBB-B-012,TBB-B-012,1,GCAT,c.341G>A,p.Gly114Asp,chr22,38206100,G,A,Transition,43.81,2.8,337.2,120.4,Positive,26.306,9598.8,16.674,6084.3,
TBB-B-012,TBB-B-012,1,KMT2C,c.13358C>A,p.Ala4453Asp,chr7,151845654,G,T,Transversion,43.321,2.8,337.2,120.4,Positive,27.251,9943.5,16.674,6084.3,
TBB-B-012,TBB-B-012,1,MAGEB2,c.497T>A,p.Leu166His,chrX,30237194,T,A,Transversion,27.841,2.8,337.2,120.4,Positive,4.203,1533.8,16.674,6084.3,
TBB-B-012,TBB-B-012,2,RBM42,c.1247A>C,p.Lys416Thr,chr19,36128171,A,C,Transversion,42.105,3.7,1024.5,276.9,Positive,50.68,42522.2,28.473,23889.9,
TBB-B-012,TBB-B-012,2,PPP1R32,c.1208+7C>A,,chr11,61257425,C,A,Transversion,26.74,3.7,1024.5,276.9,Positive,36.378,30521.9,28.473,23889.9,
TBB-B-012,TBB-B-012,2,RANGRF,c.429T>C,p.Asn143=,chr17,8192898,T,C,Transition,29.693,3.7,1024.5,276.9,Positive,26.103,21901.2,28.473,23889.9,
TBB-B-012,TBB-B-012,2,MGAT4C,c.924C>G,p.Leu308=,chr12,86373580,G,C,Transversion,17.222,3.7,1024.5,276.9,Positive,1.143,958.6,28.473,23889.9,
TBB-B-012,TBB-B-012,2,SHANK1,c.367G>C,p.Ala123Pro,chr19,51219624,C,G,Transversion,18.152,3.7,1024.5,276.9,Positive,7.807,6550.1,28.473,23889.9,
TBB-B-012,TBB-B-012,2,TRPC4AP,c.472+13A>G,,chr20,33645304,T,C,Transition,34.848,3.7,1024.5,276.9,Positive,42.592,35736,28.473,23889.9,
TBB-B-012,TBB-B-012,2,WFDC5,c.227-4G>T,,chr20,43739185,C,A,Transversion,33.153,3.7,1024.5,276.9,Positive,41.07,34459,28.473,23889.9,
TBB-B-012,TBB-B-012,2,NUP155,c.2024+4A>C,,chr5,37327727,T,G,Transversion,14.732,3.7,1024.5,276.9,Positive,1.015,852,28.473,23889.9,
TBB-B-012,TBB-B-012,2,EHMT1,c.803C>G,p.Ala268Gly,chr9,140622961,C,G,Transversion,42.008,3.7,1024.5,276.9,Positive,50.911,42716,28.473,23889.9,
TBB-B-012,TBB-B-012,2,DSG1,c.2572C>G,p.Pro858Ala,chr18,28934731,C,G,Transversion,34.104,3.7,1024.5,276.9,Positive,10.885,9132.6,28.473,23889.9,
TBB-B-012,TBB-B-012,2,CARD11,c.7+36A>C,,chr7,2998098,T,G,Transversion,25.401,3.7,1024.5,276.9,Positive,10.849,9102.2,28.473,23889.9,
TBB-B-012,TBB-B-012,2,TRA2B,c.36+2849T>G,,chr3,185652764,A,C,Transversion,30.088,3.7,1024.5,276.9,Positive,37.559,31512.9,28.473,23889.9,
TBB-B-012,TBB-B-012,2,KPRP,c.262C>T,p.Gln88Ter,chr1,152732326,C,T,Transition,38.177,3.7,1024.5,276.9,Positive,33.176,27835.9,28.473,23889.9,
TBB-B-012,TBB-B-012,2,GCAT,c.341G>A,p.Gly114Asp,chr22,38206100,G,A,Transition,43.81,3.7,1024.5,276.9,Positive,47.76,40071.8,28.473,23889.9,
TBB-B-012,TBB-B-012,2,KMT2C,c.13358C>A,p.Ala4453Asp,chr7,151845654,G,T,Transversion,43.321,3.7,1024.5,276.9,Positive,45.817,38441.5,28.473,23889.9,
TBB-B-012,TBB-B-012,2,MAGEB2,c.497T>A,p.Leu166His,chrX,30237194,T,A,Transversion,27.841,3.7,1024.5,276.9,Positive,11.829,9924.4,28.473,23889.9,
TBB-B-013,TBB-B-013,1,TRAF7,c.-18T>A,,chr16,2213904,T,A,Transversion,19.931,2.8,23.6,8.4,Negative,0,0,0,0,
TBB-B-013,TBB-B-013,1,PGR,c.168C>T,p.Asp56=,chr11,100999634,G,A,Transition,8.865,2.8,23.6,8.4,Negative,0,0,0,0,
TBB-B-013,TBB-B-013,1,SLC13A4,c.99+9C>T,,chr7,135412137,G,A,Transition,6.606,2.8,23.6,8.4,Negative,0,0,0,0,
TBB-B-013,TBB-B-013,1,GBA2,c.343A>G,p.Ile115Val,chr9,35748359,T,C,Transition,6.364,2.8,23.6,8.4,Negative,0,0,0,0,
TBB-B-013,TBB-B-013,1,CHRM1,c.285G>A,p.Thr95=,chr11,62678288,C,T,Transition,8.791,2.8,23.6,8.4,Negative,0,0,0,0,
TBB-B-013,TBB-B-013,1,C1QTNF4,c.213C>T,p.Arg71=,chr11,47612150,G,A,Transition,7.665,2.8,23.6,8.4,Negative,0,0,0,0,
TBB-B-013,TBB-B-013,1,COL18A1,c.2974-7G>A,,chr21,46915265,G,A,Transition,6.569,2.8,23.6,8.4,Negative,0,0,0,0,
TBB-B-013,TBB-B-013,1,COL18A1,c.2436+20G>A,,chr21,46907443,G,A,Transition,6.04,2.8,23.6,8.4,Negative,0,0,0,0,
TBB-B-013,TBB-B-013,1,ODC1,c.396T>G,p.Thr132=,chr2,10584274,A,C,Transversion,11.111,2.8,23.6,8.4,Negative,0,0,0,0,
TBB-B-013,TBB-B-013,1,GPC1,c.883+26C>T,,chr2,241402955,C,T,Transition,9.859,2.8,23.6,8.4,Negative,0,0,0,0,
TBB-B-013,TBB-B-013,1,ANKRD28,c.223T>C,p.Leu75=,chr3,15793295,A,G,Transition,10.286,2.8,23.6,8.4,Negative,0,0,0,0,
TBB-B-013,TBB-B-013,1,RIPK4,c.376G>A,p.Ala126Thr,chr21,43176783,C,T,Transition,12.472,2.8,23.6,8.4,Negative,0,0,0,0,
TBB-B-013,TBB-B-013,1,SFI1,c.2164G>T,p.Val722Phe,chr22,32003929,G,T,Transversion,7.059,2.8,23.6,8.4,Negative,0,0,0,0,
TBB-B-013,TBB-B-013,1,PASD1,c.951G>A,p.Glu317=,chrX,150832700,G,A,Transition,6.852,2.8,23.6,8.4,Negative,0,0,0,0,
TBB-B-013,TBB-B-013,1,MRC2,c.3821G>A,p.Arg1274Gln,chr17,60767595,G,A,Transition,9.804,2.8,23.6,8.4,Negative,0,0,0,0,
TBB-B-013,TBB-B-013,1,PKDREJ,c.571G>A,p.Val191Met,chr22,46658649,C,T,Transition,11.859,2.8,23.6,8.4,Negative,0,0,0,0,
TBB-B-013,TBB-B-013,2,TRAF7,c.-18T>A,,chr16,2213904,T,A,Transversion,19.931,3.2,28.1,8.8,Negative,0,0,0,0,
TBB-B-013,TBB-B-013,2,PGR,c.168C>T,p.Asp56=,chr11,100999634,G,A,Transition,8.865,3.2,28.1,8.8,Negative,0,0,0,0,
TBB-B-013,TBB-B-013,2,SLC13A4,c.99+9C>T,,chr7,135412137,G,A,Transition,6.606,3.2,28.1,8.8,Negative,0,0,0,0,
TBB-B-013,TBB-B-013,2,GBA2,c.343A>G,p.Ile115Val,chr9,35748359,T,C,Transition,6.364,3.2,28.1,8.8,Negative,0,0,0,0,
TBB-B-013,TBB-B-013,2,CHRM1,c.285G>A,p.Thr95=,chr11,62678288,C,T,Transition,8.791,3.2,28.1,8.8,Negative,0,0,0,0,
TBB-B-013,TBB-B-013,2,C1QTNF4,c.213C>T,p.Arg71=,chr11,47612150,G,A,Transition,7.665,3.2,28.1,8.8,Negative,0,0,0,0,
TBB-B-013,TBB-B-013,2,COL18A1,c.2974-7G>A,,chr21,46915265,G,A,Transition,6.569,3.2,28.1,8.8,Negative,0,0,0,0,
TBB-B-013,TBB-B-013,2,COL18A1,c.2436+20G>A,,chr21,46907443,G,A,Transition,6.04,3.2,28.1,8.8,Negative,0,0,0,0,
TBB-B-013,TBB-B-013,2,ODC1,c.396T>G,p.Thr132=,chr2,10584274,A,C,Transversion,11.111,3.2,28.1,8.8,Negative,0,0,0,0,
TBB-B-013,TBB-B-013,2,GPC1,c.883+26C>T,,chr2,241402955,C,T,Transition,9.859,3.2,28.1,8.8,Negative,0,0,0,0,
TBB-B-013,TBB-B-013,2,ANKRD28,c.223T>C,p.Leu75=,chr3,15793295,A,G,Transition,10.286,3.2,28.1,8.8,Negative,0,0,0,0,
TBB-B-013,TBB-B-013,2,RIPK4,c.376G>A,p.Ala126Thr,chr21,43176783,C,T,Transition,12.472,3.2,28.1,8.8,Negative,0,0,0,0,
TBB-B-013,TBB-B-013,2,SFI1,c.2164G>T,p.Val722Phe,chr22,32003929,G,T,Transversion,7.059,3.2,28.1,8.8,Negative,0,0,0,0,
TBB-B-013,TBB-B-013,2,PASD1,c.951G>A,p.Glu317=,chrX,150832700,G,A,Transition,6.852,3.2,28.1,8.8,Negative,0,0,0,0,
TBB-B-013,TBB-B-013,2,MRC2,c.3821G>A,p.Arg1274Gln,chr17,60767595,G,A,Transition,9.804,3.2,28.1,8.8,Negative,0,0,0,0,
TBB-B-013,TBB-B-013,2,PKDREJ,c.571G>A,p.Val191Met,chr22,46658649,C,T,Transition,11.859,3.2,28.1,8.8,Negative,0,0,0,0,
TBB-B-014,TBB-B-014,1,JPH4,c.*921G>C,,chr14,24037922,C,G,Transversion,35.816,2.1,215.1,102.4,Positive,15.133,4696.5,15.372,4770.7,
TBB-B-014,TBB-B-014,1,CREBBP,c.4729-40G>T,,chr16,3781978,C,A,Transversion,29.224,2.1,215.1,102.4,Positive,11.105,3446.3,15.372,4770.7,
TBB-B-014,TBB-B-014,1,CACNA1B,c.5460G>T,p.Glu1820Asp,chr9,141006881,G,T,Transversion,27.211,2.1,215.1,102.4,Positive,9.069,2814.5,15.372,4770.7,
TBB-B-014,TBB-B-014,1,NMUR2,c.842G>T,p.Trp281Leu,chr5,151775115,C,A,Transversion,28.319,2.1,215.1,102.4,Positive,18.566,5761.8,15.372,4770.7,
TBB-B-014,TBB-B-014,1,NF1,c.3616G>T,p.Glu1206Ter,chr17,29560139,G,T,Transversion,30.922,2.1,215.1,102.4,Positive,17.153,5323.4,15.372,4770.7,
TBB-B-014,TBB-B-014,1,ZNF451,c.186+3719C>T,,chr6,56967658,C,T,Transition,27.413,2.1,215.1,102.4,Positive,10.003,3104.4,15.372,4770.7,
TBB-B-014,TBB-B-014,1,RNF43,c.1922A>G,p.Asn641Ser,chr17,56435215,T,C,Transition,29.905,2.1,215.1,102.4,Positive,10.454,3244.4,15.372,4770.7,
TBB-B-014,TBB-B-014,1,SIPA1L3,c.1992G>A,p.Lys664=,chr19,38591829,G,A,Transition,26.829,2.1,215.1,102.4,Positive,8.287,2571.8,15.372,4770.7,
TBB-B-014,TBB-B-014,1,FSIP1,c.126+19A>T,,chr15,40068581,T,A,Transversion,33.929,2.1,215.1,102.4,Positive,9.028,2801.7,15.372,4770.7,
TBB-B-014,TBB-B-014,1,FOSL2,c.463-1376C>A,,chr2,28633421,C,A,Transversion,45.909,2.1,215.1,102.4,Positive,38.145,11838.3,15.372,4770.7,
TBB-B-014,TBB-B-014,1,CD163,c.2055C>A,p.Asn685Lys,chr12,7639578,G,T,Transversion,41.791,2.1,215.1,102.4,Positive,32.443,10068.4,15.372,4770.7,
TBB-B-014,TBB-B-014,1,TTLL5,c.3740+3903C>G,,chr14,76353148,C,G,Transversion,27.636,2.1,215.1,102.4,Positive,16.044,4979.3,15.372,4770.7,
TBB-B-014,TBB-B-014,1,MYH11,c.3946G>A,p.Asp1316Asn,chr16,15818783,C,T,Transition,28.68,2.1,215.1,102.4,Positive,9.517,2953.7,15.372,4770.7,
TBB-B-014,TBB-B-014,1,GAPDH,c.-9T>G,,chr12,6643990,T,G,Transversion,23.077,2.1,215.1,102.4,Positive,7.709,2392.5,15.372,4770.7,
TBB-B-014,TBB-B-014,1,CTNNB1,c.110C>T,p.Ser37Phe,chr3,41266113,C,T,Transition,27.059,2.1,215.1,102.4,Positive,16.932,5254.9,15.372,4770.7,
TBB-B-014,TBB-B-014,1,TRPM6,c.1284C>T,p.Ile428=,chr9,77431609,G,A,Transition,27.397,2.1,215.1,102.4,Positive,16.369,5080.1,15.372,4770.7,
TBB-B-014,TBB-B-014,2,JPH4,c.*921G>C,,chr14,24037922,C,G,Transversion,35.816,2.6,91.2,35.1,Positive,13.795,1466.3,12.625,1342,
TBB-B-014,TBB-B-014,2,CREBBP,c.4729-40G>T,,chr16,3781978,C,A,Transversion,29.224,2.6,91.2,35.1,Positive,9.112,968.6,12.625,1342,
TBB-B-014,TBB-B-014,2,CACNA1B,c.5460G>T,p.Glu1820Asp,chr9,141006881,G,T,Transversion,27.211,2.6,91.2,35.1,Positive,7.952,845.3,12.625,1342,
TBB-B-014,TBB-B-014,2,NMUR2,c.842G>T,p.Trp281Leu,chr5,151775115,C,A,Transversion,28.319,2.6,91.2,35.1,Positive,16.318,1734.5,12.625,1342,
TBB-B-014,TBB-B-014,2,NF1,c.3616G>T,p.Glu1206Ter,chr17,29560139,G,T,Transversion,30.922,2.6,91.2,35.1,Positive,13.789,1465.7,12.625,1342,
TBB-B-014,TBB-B-014,2,ZNF451,c.186+3719C>T,,chr6,56967658,C,T,Transition,27.413,2.6,91.2,35.1,Positive,8.109,861.9,12.625,1342,
TBB-B-014,TBB-B-014,2,RNF43,c.1922A>G,p.Asn641Ser,chr17,56435215,T,C,Transition,29.905,2.6,91.2,35.1,Positive,8.95,951.3,12.625,1342,
TBB-B-014,TBB-B-014,2,SIPA1L3,c.1992G>A,p.Lys664=,chr19,38591829,G,A,Transition,26.829,2.6,91.2,35.1,Positive,6.549,696.1,12.625,1342,
TBB-B-014,TBB-B-014,2,FSIP1,c.126+19A>T,,chr15,40068581,T,A,Transversion,33.929,2.6,91.2,35.1,Positive,7.207,766.1,12.625,1342,
TBB-B-014,TBB-B-014,2,FOSL2,c.463-1376C>A,,chr2,28633421,C,A,Transversion,45.909,2.6,91.2,35.1,Positive,30.347,3225.7,12.625,1342,
TBB-B-014,TBB-B-014,2,CD163,c.2055C>A,p.Asn685Lys,chr12,7639578,G,T,Transversion,41.791,2.6,91.2,35.1,Positive,27.678,2942,12.625,1342,
TBB-B-014,TBB-B-014,2,TTLL5,c.3740+3903C>G,,chr14,76353148,C,G,Transversion,27.636,2.6,91.2,35.1,Positive,12.785,1359,12.625,1342,
TBB-B-014,TBB-B-014,2,MYH11,c.3946G>A,p.Asp1316Asn,chr16,15818783,C,T,Transition,28.68,2.6,91.2,35.1,Positive,7.291,774.9,12.625,1342,
TBB-B-014,TBB-B-014,2,GAPDH,c.-9T>G,,chr12,6643990,T,G,Transversion,23.077,2.6,91.2,35.1,Positive,6.567,698.1,12.625,1342,
TBB-B-014,TBB-B-014,2,CTNNB1,c.110C>T,p.Ser37Phe,chr3,41266113,C,T,Transition,27.059,2.6,91.2,35.1,Positive,12.754,1355.7,12.625,1342,
TBB-B-014,TBB-B-014,2,TRPM6,c.1284C>T,p.Ile428=,chr9,77431609,G,A,Transition,27.397,2.6,91.2,35.1,Positive,12.799,1360.5,12.625,1342,
TBB-B-015,TBB-B-015,1,CLSTN3,c.1541-41C>G,,chr12,7295424,C,G,Transversion,37.956,2.7,40.8,15.1,Positive,10.307,472,7.162,328,
TBB-B-015,TBB-B-015,1,CCDC22,c.909+1G>C,,chrX,49103387,G,C,Transversion,26.455,2.7,40.8,15.1,Positive,6.27,287.1,7.162,328,
TBB-B-015,TBB-B-015,1,PRNP,c.281G>A,p.Gly94Asp,chr20,4680147,G,A,Transition,28.033,2.7,40.8,15.1,Positive,0.685,31.4,7.162,328,
TBB-B-015,TBB-B-015,1,COMMD3,c.51C>G,p.Pro17=,chr10,22605397,C,G,Transversion,25.291,2.7,40.8,15.1,Positive,8.201,375.6,7.162,328,
TBB-B-015,TBB-B-015,1,CDS2,c.1068C>T,p.Phe356=,chr20,5169799,C,T,Transition,27.636,2.7,40.8,15.1,Positive,9.285,425.2,7.162,328,
TBB-B-015,TBB-B-015,1,ST8SIA1,c.455G>A,p.Cys152Tyr,chr12,22408250,C,T,Transition,27.103,2.7,40.8,15.1,Positive,8.973,410.9,7.162,328,
TBB-B-015,TBB-B-015,1,CXorf22,c.1358C>A,p.Ala453Glu,chrX,35974261,C,A,Transversion,26.115,2.7,40.8,15.1,Positive,6.686,306.2,7.162,328,
TBB-B-015,TBB-B-015,1,COL14A1,c.4169C>T,p.Thr1390Met,chr8,121301938,C,T,Transition,32.21,2.7,40.8,15.1,Positive,9.362,428.7,7.162,328,
TBB-B-015,TBB-B-015,1,SLITRK2,c.1188A>C,p.Leu396Phe,chrX,144905131,A,C,Transversion,35.61,2.7,40.8,15.1,Positive,0.708,32.4,7.162,328,
TBB-B-015,TBB-B-015,1,GABRG3,c.1062+20G>T,,chr15,27772795,G,T,Transversion,45.86,2.7,40.8,15.1,Positive,8.483,388.5,7.162,328,
TBB-B-015,TBB-B-015,1,EYA2,c.1373T>G,p.Val458Gly,chr20,45809522,T,G,Transversion,29.114,2.7,40.8,15.1,Positive,8.666,396.9,7.162,328,
TBB-B-015,TBB-B-015,1,ANXA2,c.43+4674A>C,,chr15,60685396,T,G,Transversion,28.302,2.7,40.8,15.1,Positive,7.637,349.7,7.162,328,
TBB-B-015,TBB-B-015,1,ZC3H3,c.1835C>T,p.Ser612Phe,chr8,144557636,G,A,Transition,30.435,2.7,40.8,15.1,Positive,8.652,396.2,7.162,328,
TBB-B-015,TBB-B-015,1,MED14,c.3134-48C>T,,chrX,40526151,G,A,Transition,34.737,2.7,40.8,15.1,Positive,4.72,216.2,7.162,328,
TBB-B-015,TBB-B-015,1,LTBP2,c.1537C>A,p.Pro513Thr,chr14,75017916,G,T,Transversion,31.398,2.7,40.8,15.1,Positive,5.835,267.2,7.162,328,
TBB-B-015,TBB-B-015,1,POF1B,c.38G>C,p.Ser13Thr,chrX,84634422,C,G,Transversion,27.743,2.7,40.8,15.1,Positive,10.126,463.7,7.162,328,
TBB-B-015,TBB-B-015,2,CLSTN3,c.1541-41C>G,,chr12,7295424,C,G,Transversion,37.956,2.9,41.5,14.3,Positive,12.18,528.7,9.783,424.6,
TBB-B-015,TBB-B-015,2,CCDC22,c.909+1G>C,,chrX,49103387,G,C,Transversion,26.455,2.9,41.5,14.3,Positive,9.607,417,9.783,424.6,
TBB-B-015,TBB-B-015,2,PRNP,c.281G>A,p.Gly94Asp,chr20,4680147,G,A,Transition,28.033,2.9,41.5,14.3,Positive,0.474,20.6,9.783,424.6,
TBB-B-015,TBB-B-015,2,COMMD3,c.51C>G,p.Pro17=,chr10,22605397,C,G,Transversion,25.291,2.9,41.5,14.3,Positive,10.904,473.3,9.783,424.6,
TBB-B-015,TBB-B-015,2,CDS2,c.1068C>T,p.Phe356=,chr20,5169799,C,T,Transition,27.636,2.9,41.5,14.3,Positive,11.311,491,9.783,424.6,
TBB-B-015,TBB-B-015,2,ST8SIA1,c.455G>A,p.Cys152Tyr,chr12,22408250,C,T,Transition,27.103,2.9,41.5,14.3,Positive,11.939,518.3,9.783,424.6,
TBB-B-015,TBB-B-015,2,CXorf22,c.1358C>A,p.Ala453Glu,chrX,35974261,C,A,Transversion,26.115,2.9,41.5,14.3,Positive,10.42,452.3,9.783,424.6,
TBB-B-015,TBB-B-015,2,COL14A1,c.4169C>T,p.Thr1390Met,chr8,121301938,C,T,Transition,32.21,2.9,41.5,14.3,Positive,14.242,618.2,9.783,424.6,
TBB-B-015,TBB-B-015,2,SLITRK2,c.1188A>C,p.Leu396Phe,chrX,144905131,A,C,Transversion,35.61,2.9,41.5,14.3,Positive,0.6,26,9.783,424.6,
TBB-B-015,TBB-B-015,2,GABRG3,c.1062+20G>T,,chr15,27772795,G,T,Transversion,45.86,2.9,41.5,14.3,Positive,9.952,432,9.783,424.6,
TBB-B-015,TBB-B-015,2,EYA2,c.1373T>G,p.Val458Gly,chr20,45809522,T,G,Transversion,29.114,2.9,41.5,14.3,Positive,13.609,590.7,9.783,424.6,
TBB-B-015,TBB-B-015,2,ANXA2,c.43+4674A>C,,chr15,60685396,T,G,Transversion,28.302,2.9,41.5,14.3,Positive,10.445,453.4,9.783,424.6,
TBB-B-015,TBB-B-015,2,ZC3H3,c.1835C>T,p.Ser612Phe,chr8,144557636,G,A,Transition,30.435,2.9,41.5,14.3,Positive,12.755,553.7,9.783,424.6,
TBB-B-015,TBB-B-015,2,MED14,c.3134-48C>T,,chrX,40526151,G,A,Transition,34.737,2.9,41.5,14.3,Positive,7.733,335.7,9.783,424.6,
TBB-B-015,TBB-B-015,2,LTBP2,c.1537C>A,p.Pro513Thr,chr14,75017916,G,T,Transversion,31.398,2.9,41.5,14.3,Positive,9.215,400,9.783,424.6,
TBB-B-015,TBB-B-015,2,POF1B,c.38G>C,p.Ser13Thr,chrX,84634422,C,G,Transversion,27.743,2.9,41.5,14.3,Positive,11.141,483.6,9.783,424.6,
TBB-B-016,TBB-B-016,1,CRYBB3,c.518T>G,p.Phe173Cys,chr22,25603061,T,G,Transversion,44.03,3,253.3,84.4,Positive,24.067,6157,20.931,5354.7,
TBB-B-016,TBB-B-016,1,ASH2L,c.136G>C,p.Gly46Arg,chr8,37963204,G,C,Transversion,27.861,3,253.3,84.4,Positive,17.15,4387.4,20.931,5354.7,
TBB-B-016,TBB-B-016,1,AK8,c.758-42T>G,,chr9,135698765,A,C,Transversion,21.023,3,253.3,84.4,Positive,14.039,3591.6,20.931,5354.7,
TBB-B-016,TBB-B-016,1,DENND1B,c.83-19808T>G,,chr1,197704012,A,C,Transversion,22.43,3,253.3,84.4,Positive,18.355,4695.6,20.931,5354.7,
TBB-B-016,TBB-B-016,1,UBN1,c.2432C>G,p.Thr811Ser,chr16,4924843,C,G,Transversion,22.222,3,253.3,84.4,Positive,19.026,4867.3,20.931,5354.7,
TBB-B-016,TBB-B-016,1,KIF16B,c.4093C>G,p.Gln1365Glu,chr20,16347877,G,C,Transversion,34.783,3,253.3,84.4,Positive,26.625,6811.5,20.931,5354.7,
TBB-B-016,TBB-B-016,1,EFCAB8,c.28G>C,p.Asp10His,chr20,31547678,G,C,Transversion,21.19,3,253.3,84.4,Positive,11.507,2943.9,20.931,5354.7,
TBB-B-016,TBB-B-016,1,KLHL28,c.229G>C,p.Glu77Gln,chr14,45414903,C,G,Transversion,33.333,3,253.3,84.4,Positive,23.753,6076.6,20.931,5354.7,
TBB-B-016,TBB-B-016,1,RXFP1,c.95T>G,p.Phe32Cys,chr4,159493895,T,G,Transversion,43.234,3,253.3,84.4,Positive,24.11,6168.1,20.931,5354.7,
TBB-B-016,TBB-B-016,1,APOE,c.318G>C,p.Glu106Asp,chr19,45411871,G,C,Transversion,34.14,3,253.3,84.4,Positive,21.045,5384,20.931,5354.7,
TBB-B-016,TBB-B-016,1,SHB,c.1055-10C>G,,chr9,37956061,G,C,Transversion,27.647,3,253.3,84.4,Positive,20.41,5221.4,20.931,5354.7,
TBB-B-016,TBB-B-016,1,ZC3H7A,c.2003-18G>C,,chr16,11856621,C,G,Transversion,32.955,3,253.3,84.4,Positive,22.42,5735.6,20.931,5354.7,
TBB-B-016,TBB-B-016,1,GIT2,c.1268G>C,p.Gly423Ala,chr12,110389096,C,G,Transversion,31.395,3,253.3,84.4,Positive,25.554,6537.5,20.931,5354.7,
TBB-B-016,TBB-B-016,1,INPP5J,c.689T>G,p.Val230Gly,chr22,31523942,T,G,Transversion,21.552,3,253.3,84.4,Positive,14.708,3762.8,20.931,5354.7,
TBB-B-016,TBB-B-016,1,RAB26,c.534+18C>G,,chr16,2202904,C,G,Transversion,28.65,3,253.3,84.4,Positive,35.368,9048.1,20.931,5354.7,
TBB-B-016,TBB-B-016,1,STAMBPL1,c.1041+37G>C,,chr10,90676611,G,C,Transversion,27.885,3,253.3,84.4,Positive,16.757,4287,20.931,5354.7,
TBB-B-016,TBB-B-016,2,CRYBB3,c.518T>G,p.Phe173Cys,chr22,25603061,T,G,Transversion,44.03,2.8,48.7,17.4,Positive,12.157,640.5,10.377,546.7,
TBB-B-016,TBB-B-016,2,ASH2L,c.136G>C,p.Gly46Arg,chr8,37963204,G,C,Transversion,27.861,2.8,48.7,17.4,Positive,9.255,487.6,10.377,546.7,
TBB-B-016,TBB-B-016,2,AK8,c.758-42T>G,,chr9,135698765,A,C,Transversion,21.023,2.8,48.7,17.4,Positive,8.076,425.5,10.377,546.7,
TBB-B-016,TBB-B-016,2,DENND1B,c.83-19808T>G,,chr1,197704012,A,C,Transversion,22.43,2.8,48.7,17.4,Positive,9.939,523.6,10.377,546.7,
TBB-B-016,TBB-B-016,2,UBN1,c.2432C>G,p.Thr811Ser,chr16,4924843,C,G,Transversion,22.222,2.8,48.7,17.4,Positive,9.176,483.4,10.377,546.7,
TBB-B-016,TBB-B-016,2,KIF16B,c.4093C>G,p.Gln1365Glu,chr20,16347877,G,C,Transversion,34.783,2.8,48.7,17.4,Positive,11.893,626.6,10.377,546.7,
TBB-B-016,TBB-B-016,2,EFCAB8,c.28G>C,p.Asp10His,chr20,31547678,G,C,Transversion,21.19,2.8,48.7,17.4,Positive,5.688,299.7,10.377,546.7,
TBB-B-016,TBB-B-016,2,KLHL28,c.229G>C,p.Glu77Gln,chr14,45414903,C,G,Transversion,33.333,2.8,48.7,17.4,Positive,13.31,701.2,10.377,546.7,
TBB-B-016,TBB-B-016,2,RXFP1,c.95T>G,p.Phe32Cys,chr4,159493895,T,G,Transversion,43.234,2.8,48.7,17.4,Positive,7.35,387.2,10.377,546.7,
TBB-B-016,TBB-B-016,2,APOE,c.318G>C,p.Glu106Asp,chr19,45411871,G,C,Transversion,34.14,2.8,48.7,17.4,Positive,10.373,546.5,10.377,546.7,
TBB-B-016,TBB-B-016,2,SHB,c.1055-10C>G,,chr9,37956061,G,C,Transversion,27.647,2.8,48.7,17.4,Positive,8.13,428.3,10.377,546.7,
TBB-B-016,TBB-B-016,2,ZC3H7A,c.2003-18G>C,,chr16,11856621,C,G,Transversion,32.955,2.8,48.7,17.4,Positive,13.361,703.9,10.377,546.7,
TBB-B-016,TBB-B-016,2,GIT2,c.1268G>C,p.Gly423Ala,chr12,110389096,C,G,Transversion,31.395,2.8,48.7,17.4,Positive,12.424,654.6,10.377,546.7,
TBB-B-016,TBB-B-016,2,INPP5J,c.689T>G,p.Val230Gly,chr22,31523942,T,G,Transversion,21.552,2.8,48.7,17.4,Positive,6.958,366.6,10.377,546.7,
TBB-B-016,TBB-B-016,2,RAB26,c.534+18C>G,,chr16,2202904,C,G,Transversion,28.65,2.8,48.7,17.4,Positive,18.714,985.9,10.377,546.7,
TBB-B-016,TBB-B-016,2,STAMBPL1,c.1041+37G>C,,chr10,90676611,G,C,Transversion,27.885,2.8,48.7,17.4,Positive,9.222,485.8,10.377,546.7,
TBB-B-018,TBB-B-018,1,SATL1,c.1044A>C,p.Gln348His,chrX,84362931,T,G,Transversion,43.709,2.7,52,19.3,Positive,2.273,132.6,1.861,108.6,
TBB-B-018,TBB-B-018,1,ZNF768,c.1538A>G,p.Tyr513Cys,chr16,30535923,T,C,Transition,39.709,2.7,52,19.3,Positive,2.569,149.9,1.861,108.6,
TBB-B-018,TBB-B-018,1,GPR137B,c.546G>T,p.Thr182=,chr1,236341795,G,T,Transversion,36.036,2.7,52,19.3,Positive,3.167,184.8,1.861,108.6,
TBB-B-018,TBB-B-018,1,KLHL25,c.1663C>G,p.Leu555Val,chr15,86311379,G,C,Transversion,18.537,2.7,52,19.3,Positive,1.079,63,1.861,108.6,
TBB-B-018,TBB-B-018,1,TUBA8,c.474C>T,p.Ser158=,chr22,18609219,C,T,Transition,21.106,2.7,52,19.3,Positive,1.217,71,1.861,108.6,
TBB-B-018,TBB-B-018,1,RNASEL,c.881A>G,p.Lys294Arg,chr1,182555061,T,C,Transition,40.584,2.7,52,19.3,Positive,2.697,157.3,1.861,108.6,
TBB-B-018,TBB-B-018,1,MAGEB18,c.728T>C,p.Val243Ala,chrX,26157830,T,C,Transition,34.167,2.7,52,19.3,Positive,2.152,125.6,1.861,108.6,
TBB-B-018,TBB-B-018,1,FNDC1,c.2105A>C,p.His702Pro,chr6,159653649,A,C,Transversion,17.11,2.7,52,19.3,Positive,0.836,48.8,1.861,108.6,
TBB-B-018,TBB-B-018,1,RARA,c.179-7422T>G,,chr17,38497146,T,G,Transversion,30.56,2.7,52,19.3,Positive,1.789,104.4,1.861,108.6,
TBB-B-018,TBB-B-018,1,HIST1H2BG,c.139A>C,p.Lys47Gln,chr6,26216733,T,G,Transversion,27.333,2.7,52,19.3,Positive,1.705,99.5,1.861,108.6,
TBB-B-018,TBB-B-018,1,MYH11,c.746T>G,p.Phe249Cys,chr16,15876243,A,C,Transversion,20.395,2.7,52,19.3,Positive,1.492,87.1,1.861,108.6,
TBB-B-018,TBB-B-018,1,RELT,c.495C>T,p.Val165=,chr11,73103383,C,T,Transition,36.527,2.7,52,19.3,Positive,3.462,202,1.861,108.6,
TBB-B-018,TBB-B-018,1,SORCS3,c.3033G>T,p.Leu1011=,chr10,107007017,G,T,Transversion,36,2.7,52,19.3,Positive,1.997,116.5,1.861,108.6,
TBB-B-018,TBB-B-018,1,RPRD1B,c.530C>T,p.Thr177Ile,chr20,36687797,C,T,Transition,22.581,2.7,52,19.3,Positive,0.826,48.2,1.861,108.6,
TBB-B-018,TBB-B-018,1,PLCG2,c.3571G>A,p.Glu1191Lys,chr16,81990300,G,A,Transition,20.961,2.7,52,19.3,Positive,1.401,81.8,1.861,108.6,
TBB-B-018,TBB-B-018,1,ZFHX2,c.3216C>A,p.Pro1072=,chr14,23996102,G,T,Transversion,25.333,2.7,52,19.3,Positive,1.11,64.8,1.861,108.6,
TBB-B-018,TBB-B-018,2,SATL1,c.1044A>C,p.Gln348His,chrX,84362931,T,G,Transversion,43.709,3.5,148.6,42.4,Positive,55.439,7130.8,42.2,5427.9,
TBB-B-018,TBB-B-018,2,ZNF768,c.1538A>G,p.Tyr513Cys,chr16,30535923,T,C,Transition,39.709,3.5,148.6,42.4,Positive,42.789,5503.7,42.2,5427.9,
TBB-B-018,TBB-B-018,2,GPR137B,c.546G>T,p.Thr182=,chr1,236341795,G,T,Transversion,36.036,3.5,148.6,42.4,Positive,47.244,6076.7,42.2,5427.9,
TBB-B-018,TBB-B-018,2,KLHL25,c.1663C>G,p.Leu555Val,chr15,86311379,G,C,Transversion,18.537,3.5,148.6,42.4,Positive,26.688,3432.7,42.2,5427.9,
TBB-B-018,TBB-B-018,2,TUBA8,c.474C>T,p.Ser158=,chr22,18609219,C,T,Transition,21.106,3.5,148.6,42.4,Positive,38.434,4943.5,42.2,5427.9,
TBB-B-018,TBB-B-018,2,RNASEL,c.881A>G,p.Lys294Arg,chr1,182555061,T,C,Transition,40.584,3.5,148.6,42.4,Positive,42.726,5495.5,42.2,5427.9,
TBB-B-018,TBB-B-018,2,MAGEB18,c.728T>C,p.Val243Ala,chrX,26157830,T,C,Transition,34.167,3.5,148.6,42.4,Positive,43.673,5617.4,42.2,5427.9,
TBB-B-018,TBB-B-018,2,FNDC1,c.2105A>C,p.His702Pro,chr6,159653649,A,C,Transversion,17.11,3.5,148.6,42.4,Positive,24.742,3182.4,42.2,5427.9,
TBB-B-018,TBB-B-018,2,RARA,c.179-7422T>G,,chr17,38497146,T,G,Transversion,30.56,3.5,148.6,42.4,Positive,53.973,6942.2,42.2,5427.9,
TBB-B-018,TBB-B-018,2,HIST1H2BG,c.139A>C,p.Lys47Gln,chr6,26216733,T,G,Transversion,27.333,3.5,148.6,42.4,Positive,60.407,7769.7,42.2,5427.9,
TBB-B-018,TBB-B-018,2,MYH11,c.746T>G,p.Phe249Cys,chr16,15876243,A,C,Transversion,20.395,3.5,148.6,42.4,Positive,38.718,4980,42.2,5427.9,
TBB-B-018,TBB-B-018,2,RELT,c.495C>T,p.Val165=,chr11,73103383,C,T,Transition,36.527,3.5,148.6,42.4,Positive,50.573,6504.9,42.2,5427.9,
TBB-B-018,TBB-B-018,2,SORCS3,c.3033G>T,p.Leu1011=,chr10,107007017,G,T,Transversion,36,3.5,148.6,42.4,Positive,51.429,6614.9,42.2,5427.9,
TBB-B-018,TBB-B-018,2,RPRD1B,c.530C>T,p.Thr177Ile,chr20,36687797,C,T,Transition,22.581,3.5,148.6,42.4,Positive,24.807,3190.8,42.2,5427.9,
TBB-B-018,TBB-B-018,2,PLCG2,c.3571G>A,p.Glu1191Lys,chr16,81990300,G,A,Transition,20.961,3.5,148.6,42.4,Positive,39.033,5020.6,42.2,5427.9,
TBB-B-018,TBB-B-018,2,ZFHX2,c.3216C>A,p.Pro1072=,chr14,23996102,G,T,Transversion,25.333,3.5,148.6,42.4,Positive,34.518,4439.8,42.2,5427.9,
TBB-B-019,TBB-B-019,1,KHDRBS1,c.306G>C,p.Lys102Asn,chr1,32479902,G,C,Transversion,53.381,2.7,60.2,22.3,Positive,10.943,739.5,13.261,896.1,
TBB-B-019,TBB-B-019,1,9-Sep,c.76+13016G>C,,chr17,75316295,G,C,Transversion,44.88,2.7,60.2,22.3,Positive,28.017,1893.3,13.261,896.1,
TBB-B-019,TBB-B-019,1,RNGTT,c.500G>C,p.Gly167Ala,chr6,89614618,C,G,Transversion,40.984,2.7,60.2,22.3,Positive,8.994,607.8,13.261,896.1,
TBB-B-019,TBB-B-019,1,HSF1,c.1002C>G,p.Ile334Met,chr8,145535790,C,G,Transversion,37.996,2.7,60.2,22.3,Positive,14.317,967.5,13.261,896.1,
TBB-B-019,TBB-B-019,1,ARHGAP24,c.807-18T>G,,chr4,86898705,T,G,Transversion,24.186,2.7,60.2,22.3,Positive,0,0,13.261,896.1,
TBB-B-019,TBB-B-019,1,E2F8,c.2351A>C,p.Asn784Thr,chr11,19246838,T,G,Transversion,25.907,2.7,60.2,22.3,Positive,11.925,805.9,13.261,896.1,
TBB-B-019,TBB-B-019,1,ANAPC2,c.1960A>C,p.Thr654Pro,chr9,140070220,T,G,Transversion,23.469,2.7,60.2,22.3,Positive,5.132,346.8,13.261,896.1,
TBB-B-019,TBB-B-019,1,LETM2,c.291C>G,p.Ala97=,chr8,38250444,C,G,Transversion,64.803,2.7,60.2,22.3,Positive,17.204,1162.5,13.261,896.1,
TBB-B-019,TBB-B-019,1,FLNB,c.2416A>C,p.Thr806Pro,chr3,58095829,A,C,Transversion,46.369,2.7,60.2,22.3,Positive,9.653,652.3,13.261,896.1,
TBB-B-019,TBB-B-019,1,DYRK3,c.1462A>C,p.Lys488Gln,chr1,206822005,A,C,Transversion,46.057,2.7,60.2,22.3,Positive,22.319,1508.3,13.261,896.1,
TBB-B-019,TBB-B-019,1,HGF,c.625+762A>C,,chr7,81380674,T,G,Transversion,42.105,2.7,60.2,22.3,Positive,13.949,942.6,13.261,896.1,
TBB-B-019,TBB-B-019,1,KATNA1,c.427A>C,p.Asn143His,chr6,149944313,T,G,Transversion,40.284,2.7,60.2,22.3,Positive,14.816,1001.2,13.261,896.1,
TBB-B-019,TBB-B-019,1,MED19,c.516G>C,p.Lys172Asn,chr11,57472246,C,G,Transversion,43.816,2.7,60.2,22.3,Positive,14.561,984,13.261,896.1,
TBB-B-019,TBB-B-019,1,TSPYL1,c.1281G>C,p.Glu427Asp,chr6,116599713,C,G,Transversion,31.159,2.7,60.2,22.3,Positive,11.384,769.3,13.261,896.1,
TBB-B-019,TBB-B-019,1,ATP7B,c.3379C>G,p.Leu1127Val,chr13,52516555,G,C,Transversion,67.279,2.7,60.2,22.3,Positive,14.624,988.2,13.261,896.1,
TBB-B-019,TBB-B-019,1,GPC3,c.1329C>G,p.Thr443=,chrX,132826429,G,C,Transversion,56.818,2.7,60.2,22.3,Positive,14.336,968.8,13.261,896.1,
TBB-B-019,TBB-B-019,2,KHDRBS1,c.306G>C,p.Lys102Asn,chr1,32479902,G,C,Transversion,53.381,3.1,36.1,11.6,Positive,16.377,578.1,15.66,552.8,
TBB-B-019,TBB-B-019,2,SEPTIN9,c.76+13016G>C,,chr17,75316295,G,C,Transversion,44.88,3.1,36.1,11.6,Positive,31.085,1097.3,15.66,552.8,
TBB-B-019,TBB-B-019,2,RNGTT,c.500G>C,p.Gly167Ala,chr6,89614618,C,G,Transversion,40.984,3.1,36.1,11.6,Positive,8.872,313.2,15.66,552.8,
TBB-B-019,TBB-B-019,2,HSF1,c.1002C>G,p.Ile334Met,chr8,145535790,C,G,Transversion,37.996,3.1,36.1,11.6,Positive,16.392,578.6,15.66,552.8,
TBB-B-019,TBB-B-019,2,ARHGAP24,c.807-18T>G,,chr4,86898705,T,G,Transversion,24.186,3.1,36.1,11.6,Positive,0,0,15.66,552.8,
TBB-B-019,TBB-B-019,2,E2F8,c.2351A>C,p.Asn784Thr,chr11,19246838,T,G,Transversion,25.907,3.1,36.1,11.6,Positive,12.705,448.5,15.66,552.8,
TBB-B-019,TBB-B-019,2,ANAPC2,c.1960A>C,p.Thr654Pro,chr9,140070220,T,G,Transversion,23.469,3.1,36.1,11.6,Positive,6.406,226.1,15.66,552.8,
TBB-B-019,TBB-B-019,2,LETM2,c.291C>G,p.Ala97=,chr8,38250444,C,G,Transversion,64.803,3.1,36.1,11.6,Positive,21.792,769.2,15.66,552.8,
TBB-B-019,TBB-B-019,2,FLNB,c.2416A>C,p.Thr806Pro,chr3,58095829,A,C,Transversion,46.369,3.1,36.1,11.6,Positive,12.846,453.5,15.66,552.8,
TBB-B-019,TBB-B-019,2,DYRK3,c.1462A>C,p.Lys488Gln,chr1,206822005,A,C,Transversion,46.057,3.1,36.1,11.6,Positive,26.564,937.7,15.66,552.8,
TBB-B-019,TBB-B-019,2,HGF,c.625+762A>C,,chr7,81380674,T,G,Transversion,42.105,3.1,36.1,11.6,Positive,18.259,644.5,15.66,552.8,
TBB-B-019,TBB-B-019,2,KATNA1,c.427A>C,p.Asn143His,chr6,149944313,T,G,Transversion,40.284,3.1,36.1,11.6,Positive,14.765,521.2,15.66,552.8,
TBB-B-019,TBB-B-019,2,MED19,c.516G>C,p.Lys172Asn,chr11,57472246,C,G,Transversion,43.816,3.1,36.1,11.6,Positive,17.28,610,15.66,552.8,
TBB-B-019,TBB-B-019,2,TSPYL1,c.1281G>C,p.Glu427Asp,chr6,116599713,C,G,Transversion,31.159,3.1,36.1,11.6,Positive,12.106,427.3,15.66,552.8,
TBB-B-019,TBB-B-019,2,ATP7B,c.3379C>G,p.Leu1127Val,chr13,52516555,G,C,Transversion,67.279,3.1,36.1,11.6,Positive,17.02,600.8,15.66,552.8,
TBB-B-019,TBB-B-019,2,GPC3,c.1329C>G,p.Thr443=,chrX,132826429,G,C,Transversion,56.818,3.1,36.1,11.6,Positive,18.084,638.3,15.66,552.8,
TBB-B-020,TBB-B-020,1,ADAM23,c.1006-35T>G,,chr2,207424644,T,G,Transversion,11.875,2.6,47.7,18.3,Positive,1.036,57.6,1.507,83.8,
TBB-B-020,TBB-B-020,1,FLVCR1,c.410G>T,p.Gly137Val,chr1,213032204,G,T,Transversion,12.1,2.6,47.7,18.3,Positive,3.09,171.7,1.507,83.8,
TBB-B-020,TBB-B-020,1,NYAP2,c.1019C>A,p.Pro340His,chr2,226447152,C,A,Transversion,8.876,2.6,47.7,18.3,Positive,2.443,135.8,1.507,83.8,
TBB-B-020,TBB-B-020,1,FAM193B,c.1532A>T,p.Glu511Val,chr5,176951950,T,A,Transversion,7.034,2.6,47.7,18.3,Positive,1.601,89,1.507,83.8,
TBB-B-020,TBB-B-020,1,SMAD4,c.211T>C,p.Cys71Arg,chr18,48573627,T,C,Transition,8.14,2.6,47.7,18.3,Positive,0.995,55.3,1.507,83.8,
TBB-B-020,TBB-B-020,1,COL3A1,c.2661+4A>G,,chr2,189868517,A,G,Transition,8.228,2.6,47.7,18.3,Positive,1.1,61.1,1.507,83.8,
TBB-B-020,TBB-B-020,1,GALE,c.679G>T,p.Gly227Cys,chr1,24123396,C,A,Transversion,7.273,2.6,47.7,18.3,Positive,0.857,47.6,1.507,83.8,
TBB-B-020,TBB-B-020,1,MCM3,c.2253C>T,p.Asp751=,chr6,52131449,G,A,Transition,7.143,2.6,47.7,18.3,Positive,1.254,69.7,1.507,83.8,
TBB-B-020,TBB-B-020,1,TTC39B,c.1201C>G,p.Arg401Gly,chr9,15189604,G,C,Transversion,9.877,2.6,47.7,18.3,Positive,1.281,71.2,1.507,83.8,
TBB-B-020,TBB-B-020,1,QSOX2,c.1550-353A>C,,chr9,139101474,T,G,Transversion,9.295,2.6,47.7,18.3,Positive,1.091,60.6,1.507,83.8,
TBB-B-020,TBB-B-020,1,KIAA1109,c.9389-2258C>A,,chr4,123220197,C,A,Transversion,9.392,2.6,47.7,18.3,Positive,1.216,67.6,1.507,83.8,
TBB-B-020,TBB-B-020,1,RBM5,c.1407A>G,p.Gly469=,chr3,50148155,A,G,Transition,13.025,2.6,47.7,18.3,Positive,3.238,179.9,1.507,83.8,
TBB-B-020,TBB-B-020,1,NFKBIZ,c.1062T>G,p.Ala354=,chr3,101572432,T,G,Transversion,7.463,2.6,47.7,18.3,Positive,1.171,65.1,1.507,83.8,
TBB-B-020,TBB-B-020,1,TNRC18,c.4638G>A,p.Gly1546=,chr7,5401248,C,T,Transition,8.814,2.6,47.7,18.3,Positive,1.241,69,1.507,83.8,
TBB-B-020,TBB-B-020,1,ZSWIM8,c.3849C>T,p.His1283=,chr10,75557725,C,T,Transition,8.824,2.6,47.7,18.3,Positive,1.377,76.5,1.507,83.8,
TBB-B-020,TBB-B-020,1,PCSK7,c.892G>A,p.Asp298Asn,chr11,117095440,C,T,Transition,8.187,2.6,47.7,18.3,Positive,1.126,62.6,1.507,83.8,
TBB-B-020,TBB-B-020,2,ADAM23,c.1006-35T>G,,chr2,207424644,T,G,Transversion,11.875,3,44.7,14.9,Positive,10.804,487.8,12.627,570.1,
TBB-B-020,TBB-B-020,2,FLVCR1,c.410G>T,p.Gly137Val,chr1,213032204,G,T,Transversion,12.1,3,44.7,14.9,Positive,23.594,1065.3,12.627,570.1,
TBB-B-020,TBB-B-020,2,NYAP2,c.1019C>A,p.Pro340His,chr2,226447152,C,A,Transversion,8.876,3,44.7,14.9,Positive,16.018,723.2,12.627,570.1,
TBB-B-020,TBB-B-020,2,FAM193B,c.1532A>T,p.Glu511Val,chr5,176951950,T,A,Transversion,7.034,3,44.7,14.9,Positive,12.163,549.2,12.627,570.1,
TBB-B-020,TBB-B-020,2,SMAD4,c.211T>C,p.Cys71Arg,chr18,48573627,T,C,Transition,8.14,3,44.7,14.9,Positive,9.775,441.4,12.627,570.1,
TBB-B-020,TBB-B-020,2,COL3A1,c.2661+4A>G,,chr2,189868517,A,G,Transition,8.228,3,44.7,14.9,Positive,10.892,491.8,12.627,570.1,
TBB-B-020,TBB-B-020,2,GALE,c.679G>T,p.Gly227Cys,chr1,24123396,C,A,Transversion,7.273,3,44.7,14.9,Positive,7.302,329.7,12.627,570.1,
TBB-B-020,TBB-B-020,2,MCM3,c.2253C>T,p.Asp751=,chr6,52131449,G,A,Transition,7.143,3,44.7,14.9,Positive,10.398,469.5,12.627,570.1,
TBB-B-020,TBB-B-020,2,TTC39B,c.1201C>G,p.Arg401Gly,chr9,15189604,G,C,Transversion,9.877,3,44.7,14.9,Positive,13.937,629.3,12.627,570.1,
TBB-B-020,TBB-B-020,2,QSOX2,c.1550-353A>C,,chr9,139101474,T,G,Transversion,9.295,3,44.7,14.9,Positive,11.639,525.5,12.627,570.1,
TBB-B-020,TBB-B-020,2,KIAA1109,c.9389-2258C>A,,chr4,123220197,C,A,Transversion,9.392,3,44.7,14.9,Positive,13.846,625.2,12.627,570.1,
TBB-B-020,TBB-B-020,2,RBM5,c.1407A>G,p.Gly469=,chr3,50148155,A,G,Transition,13.025,3,44.7,14.9,Positive,21.529,972.1,12.627,570.1,
TBB-B-020,TBB-B-020,2,NFKBIZ,c.1062T>G,p.Ala354=,chr3,101572432,T,G,Transversion,7.463,3,44.7,14.9,Positive,10.045,453.6,12.627,570.1,
TBB-B-020,TBB-B-020,2,TNRC18,c.4638G>A,p.Gly1546=,chr7,5401248,C,T,Transition,8.814,3,44.7,14.9,Positive,9.415,425.1,12.627,570.1,
TBB-B-020,TBB-B-020,2,ZSWIM8,c.3849C>T,p.His1283=,chr10,75557725,C,T,Transition,8.824,3,44.7,14.9,Positive,10.815,488.3,12.627,570.1,
TBB-B-020,TBB-B-020,2,PCSK7,c.892G>A,p.Asp298Asn,chr11,117095440,C,T,Transition,8.187,3,44.7,14.9,Positive,9.857,445.1,12.627,570.1,
TBB-B-022,TBB-B-022,1,KIAA0319L,c.2705A>C,p.Lys902Thr,chr1,35908581,T,G,Transversion,35.496,3,44.7,14.9,Positive,4.932,222.8,2.768,125,
TBB-B-022,TBB-B-022,1,NT5C2,c.1428C>G,p.Leu476=,chr10,104850389,G,C,Transversion,32.692,3,44.7,14.9,Positive,1.029,46.5,2.768,125,
TBB-B-022,TBB-B-022,1,NCSTN,c.590A>C,p.Gln197Pro,chr1,160321019,A,C,Transversion,32.787,3,44.7,14.9,Positive,4.385,198.1,2.768,125,
TBB-B-022,TBB-B-022,1,KRT222,c.115A>T,p.Lys39Ter,chr17,38818278,T,A,Transversion,38.71,3,44.7,14.9,Positive,0.266,12,2.768,125,
TBB-B-022,TBB-B-022,1,NPAS4,c.250T>A,p.Phe84Ile,chr11,66189665,T,A,Transversion,36.957,3,44.7,14.9,Positive,0.178,8,2.768,125,
TBB-B-022,TBB-B-022,1,AHNAK,c.3163T>A,p.Phe1055Ile,chr11,62298726,A,T,Transversion,36.996,3,44.7,14.9,Positive,6.734,304.2,2.768,125,
TBB-B-022,TBB-B-022,1,TNFRSF13B,c.631+34C>G,,chr17,16843606,G,C,Transversion,34.625,3,44.7,14.9,Positive,0.022,1,2.768,125,
TBB-B-022,TBB-B-022,1,FRMPD3,c.1322A>T,p.Lys441Met,chrX,106808223,A,T,Transversion,36.054,3,44.7,14.9,Positive,1.471,66.4,2.768,125,
TBB-B-022,TBB-B-022,1,MAN1C1,c.1440G>C,p.Gln480His,chr1,26104778,G,C,Transversion,37.559,3,44.7,14.9,Positive,4.477,202.2,2.768,125,
TBB-B-022,TBB-B-022,1,FARP1,c.877G>C,p.Glu293Gln,chr13,99042232,G,C,Transversion,56.452,3,44.7,14.9,Positive,4.806,217.1,2.768,125,
TBB-B-022,TBB-B-022,1,TYRO3,c.1986-25C>G,,chr15,41865481,C,G,Transversion,36.364,3,44.7,14.9,Positive,5.099,230.3,2.768,125,
TBB-B-022,TBB-B-022,1,TEX33,c.352G>C,p.Gly118Arg,chr22,37398015,C,G,Transversion,36.288,3,44.7,14.9,Positive,1.38,62.4,2.768,125,
TBB-B-022,TBB-B-022,1,POLR3A,c.402G>C,p.Leu134=,chr10,79784817,C,G,Transversion,39.216,3,44.7,14.9,Positive,1.89,85.4,2.768,125,
TBB-B-022,TBB-B-022,1,PIK3R1,c.917-1472T>A,,chr5,67586615,T,A,Transversion,42.718,3,44.7,14.9,Positive,3.141,141.9,2.768,125,
TBB-B-022,TBB-B-022,1,MRPL37,c.1119G>C,p.Leu373Phe,chr1,54681942,G,C,Transversion,38.369,3,44.7,14.9,Positive,4.42,199.7,2.768,125,
TBB-B-022,TBB-B-022,1,ELAC2,c.1752C>G,p.Leu584=,chr17,12899076,G,C,Transversion,37.082,3,44.7,14.9,Positive,0.059,2.6,2.768,125,
TBB-B-022,TBB-B-022,2,KIAA0319L,c.2705A>C,p.Lys902Thr,chr1,35908581,T,G,Transversion,35.496,3,30.5,10.2,Positive,0.593,18.2,0.377,11.6,
TBB-B-022,TBB-B-022,2,NT5C2,c.1428C>G,p.Leu476=,chr10,104850389,G,C,Transversion,32.692,3,30.5,10.2,Positive,0.231,7.1,0.377,11.6,
TBB-B-022,TBB-B-022,2,NCSTN,c.590A>C,p.Gln197Pro,chr1,160321019,A,C,Transversion,32.787,3,30.5,10.2,Positive,0.482,14.8,0.377,11.6,
TBB-B-022,TBB-B-022,2,KRT222,c.115A>T,p.Lys39Ter,chr17,38818278,T,A,Transversion,38.71,3,30.5,10.2,Positive,0,0,0.377,11.6,
TBB-B-022,TBB-B-022,2,NPAS4,c.250T>A,p.Phe84Ile,chr11,66189665,T,A,Transversion,36.957,3,30.5,10.2,Positive,0,0,0.377,11.6,
TBB-B-022,TBB-B-022,2,AHNAK,c.3163T>A,p.Phe1055Ile,chr11,62298726,A,T,Transversion,36.996,3,30.5,10.2,Positive,0.869,26.7,0.377,11.6,
TBB-B-022,TBB-B-022,2,TNFRSF13B,c.631+34C>G,,chr17,16843606,G,C,Transversion,34.625,3,30.5,10.2,Positive,0,0,0.377,11.6,
TBB-B-022,TBB-B-022,2,FRMPD3,c.1322A>T,p.Lys441Met,chrX,106808223,A,T,Transversion,36.054,3,30.5,10.2,Positive,0.153,4.7,0.377,11.6,
TBB-B-022,TBB-B-022,2,MAN1C1,c.1440G>C,p.Gln480His,chr1,26104778,G,C,Transversion,37.559,3,30.5,10.2,Positive,0.464,14.3,0.377,11.6,
TBB-B-022,TBB-B-022,2,FARP1,c.877G>C,p.Glu293Gln,chr13,99042232,G,C,Transversion,56.452,3,30.5,10.2,Positive,0.527,16.2,0.377,11.6,
TBB-B-022,TBB-B-022,2,TYRO3,c.1986-25C>G,,chr15,41865481,C,G,Transversion,36.364,3,30.5,10.2,Positive,0.876,26.9,0.377,11.6,
TBB-B-022,TBB-B-022,2,TEX33,c.352G>C,p.Gly118Arg,chr22,37398015,C,G,Transversion,36.288,3,30.5,10.2,Positive,0.371,11.4,0.377,11.6,
TBB-B-022,TBB-B-022,2,POLR3A,c.402G>C,p.Leu134=,chr10,79784817,C,G,Transversion,39.216,3,30.5,10.2,Positive,0.371,11.4,0.377,11.6,
TBB-B-022,TBB-B-022,2,PIK3R1,c.917-1472T>A,,chr5,67586615,T,A,Transversion,42.718,3,30.5,10.2,Positive,0.306,9.4,0.377,11.6,
TBB-B-022,TBB-B-022,2,MRPL37,c.1119G>C,p.Leu373Phe,chr1,54681942,G,C,Transversion,38.369,3,30.5,10.2,Positive,0.781,24,0.377,11.6,
TBB-B-022,TBB-B-022,2,ELAC2,c.1752C>G,p.Leu584=,chr17,12899076,G,C,Transversion,37.082,3,30.5,10.2,Positive,0,0,0.377,11.6,